"Continent","EPPO","EU","Country","Af","Am","As","Aw","BSh","BSk","BWh","BWk","Cfa","Cfb","Cfc","Csa","Csb","Csc","Cwa","Cwb","Cwc","Dfa","Dfb","Dfc","Dfd","Dsa","Dsb","Dsc","Dsd","Dwa","Dwb","Dwc","Dwd","EF","ET","State.eppo"
"Europe","EPPO","EU","Austria",0,0,0,0,0,0,0,0,0,0.626388888888889,0.00486111111111111,0,0,0,0,0,0,0,0.0951388888888889,0.184027777777778,0,0,0,0,0,0,0,0,0,0,0.0895833333333333,"Austria"
"Europe","EPPO","EU","Belgium",0,0,0,0,0,0,0,0,0,1,0,0,0,0,0,0,0,0,0,0,0,0,0,0,0,0,0,0,0,0,0,"Belgium"
"Europe","EPPO","EU","Bulgaria",0,0,0,0,0,0.00286368843069874,0,0,0.617983963344788,0.257159221076747,0,0.0183276059564719,0.0200458190148912,0,0,0,0,0,0.0715922107674685,0.0120274914089347,0,0,0,0,0,0,0,0,0,0,0,"Bulgaria"
"Europe","EPPO","EU","Croatia",0,0,0,0,0,0,0,0,0.329199549041714,0.500563697857948,0,0.131905298759865,0.0326944757609921,0,0,0,0,0,0.0056369785794814,0,0,0,0,0,0,0,0,0,0,0,0,"Croatia"
"Europe","EPPO","EU","Cyprus",0,0,0,0,0.267716535433071,0,0,0,0,0,0,0.724409448818898,0.0078740157480315,0,0,0,0,0,0,0,0,0,0,0,0,0,0,0,0,0,0,"Cyprus"
"Europe","EPPO","EU","Czech Republic",0,0,0,0,0,0,0,0,0,0.919572953736655,0,0,0,0,0,0,0,0,0.0754448398576512,0.00498220640569395,0,0,0,0,0,0,0,0,0,0,0,"Czech Republic"
"Europe","EPPO","EU","Denmark",0,0,0,0,0,0,0,0,0,1,0,0,0,0,0,0,0,0,0,0,0,0,0,0,0,0,0,0,0,0,0,"Denmark"
"Europe","EPPO","EU","Estonia",0,0,0,0,0,0,0,0,0,0.0627450980392157,0,0,0,0,0,0,0,0,0.937254901960784,0,0,0,0,0,0,0,0,0,0,0,0,"Estonia"
"Europe","EPPO","EU","Finland",0,0,0,0,0,0,0,0,0,0,0,0,0,0,0,0,0,0,0.170979254963194,0.827013160829801,0,0,0,0,0,0,0,0,0,0,0.00200758420700424,"Finland"
"Europe","EPPO","EU","France (Corse)",0,0,0,0,0,0,0,0,0,0,0,0.4296875,0.546875,0.0234375,0,0,0,0,0,0,0,0,0,0,0,0,0,0,0,0,0,"Corse"
"Europe","EPPO","EU","France (Mainland)",0,0,0,0,0,0,0,0,0.0734859270616581,0.845690504873508,0.00449019822582412,0.0470923228562041,0.0153323841857409,0,0,0,0,0,0,0.00974701566093527,0,0,0,0,0,0,0,0,0,0,0.00416164713612967,"France"
"Europe","EPPO","EU","Germany",0,0,0,0,0,0,0,0,0,0.996353137821,0.000303905181583346,0,0,0,0,0,0,0,0.00197538368029175,0.00121562072633338,0,0,0,0,0,0,0,0,0,0,0.000151952590791673,"Germany"
"Europe","EPPO","EU","Greece (Crete)",0,0,0,0,0,0,0,0,0,0,0,0.878504672897196,0.121495327102804,0,0,0,0,0,0,0,0,0,0,0,0,0,0,0,0,0,0,"Crete"
"Europe","EPPO","EU","Greece (Mainland)",0,0,0,0,0,0.0482406356413167,0,0,0.0329171396140749,0.021566401816118,0,0.688422247446084,0.205448354143019,0,0,0,0,0,0.00227014755959137,0,0,0,0.000567536889897843,0.000567536889897843,0,0,0,0,0,0,0,"Greece"
"Europe","EPPO","EU","Hungary",0,0,0,0,0,0,0,0,0.114609571788413,0.879093198992443,0,0,0,0,0,0,0,0,0.00629722921914358,0,0,0,0,0,0,0,0,0,0,0,0,"Hungary"
"Europe","EPPO","EU","Ireland",0,0,0,0,0,0,0,0,0,1,0,0,0,0,0,0,0,0,0,0,0,0,0,0,0,0,0,0,0,0,0,"Ireland"
"Europe","EPPO","EU","Italy (Mainland)",0,0,0,0,0,0.0138682516097078,0,0,0.282813273897969,0.211490837048044,0.00396235760277365,0.307825656265478,0.0802377414561664,0,0,0,0,0,0.00594353640416048,0.050520059435364,0,0,0,0,0,0,0,0,0,0,0.0433382862803368,"Italy"
"Europe","EPPO","EU","Italy (Sardegna)",0,0,0,0,0,0,0,0,0,0,0,0.904109589041096,0.0958904109589041,0,0,0,0,0,0,0,0,0,0,0,0,0,0,0,0,0,0,"Sardegna"
"Europe","EPPO","EU","Italy (Sicilia)",0,0,0,0,0,0,0,0,0,0,0,0.959459459459459,0.0405405405405405,0,0,0,0,0,0,0,0,0,0,0,0,0,0,0,0,0,0,"Sicilia"
"Europe","EPPO","EU","Latvia",0,0,0,0,0,0,0,0,0,0.362266857962697,0,0,0.00143472022955524,0,0,0,0,0,0.636298421807748,0,0,0,0,0,0,0,0,0,0,0,0,"Latvia"
"Europe","EPPO","EU","Lithuania",0,0,0,0,0,0,0,0,0,0.207662835249042,0,0,0,0,0,0,0,0,0.792337164750958,0,0,0,0,0,0,0,0,0,0,0,0,"Lithuania"
"Europe","EPPO","EU","Luxembourg",0,0,0,0,0,0,0,0,0,1,0,0,0,0,0,0,0,0,0,0,0,0,0,0,0,0,0,0,0,0,0,"Luxembourg"
"Europe","EPPO","EU","Netherlands",0,0,0,0,0,0,0,0,0,1,0,0,0,0,0,0,0,0,0,0,0,0,0,0,0,0,0,0,0,0,0,"Netherlands"
"Europe","EPPO","EU","Poland",0,0,0,0,0,0,0,0,0,0.930534479851627,0,0,0,0,0,0,0,0,0.065756196256955,0.00354071825998988,0,0,0,0,0,0,0,0,0,0,0.00016860563142809,"Poland"
"Europe","EPPO","EU","Portugal (Mainland)",0,0,0,0,0,0,0,0,0,0,0,0.697466467958271,0.302533532041729,0,0,0,0,0,0,0,0,0,0,0,0,0,0,0,0,0,0,"Portugal"
"Europe","EPPO","EU","Romania",0,0,0,0,0,0.00860323886639676,0,0,0.364878542510121,0.34084008097166,0,0,0,0,0,0,0,0,0.230769230769231,0.0549089068825911,0,0,0,0,0,0,0,0,0,0,0,"Romania"
"Europe","EPPO","EU","Slovakia",0,0,0,0,0,0,0,0,0,0.559622195985832,0,0,0,0,0,0,0,0,0.381345926800472,0.0566706021251476,0,0,0,0,0,0,0,0,0,0,0.00236127508854782,"Slovakia"
"Europe","EPPO","EU","Slovenia",0,0,0,0,0,0,0,0,0.0119402985074627,0.892537313432836,0,0,0,0,0,0,0,0,0.0447761194029851,0.0388059701492537,0,0,0,0,0,0,0,0,0,0,0.0119402985074627,"Slovenia"
"Europe","EPPO","EU","Spain (Isles Baleares)",0,0,0,0,0,0.0227272727272727,0,0,0,0,0,0.954545454545455,0.0227272727272727,0,0,0,0,0,0,0,0,0,0,0,0,0,0,0,0,0,0,"Isles Baleares"
"Europe","EPPO","EU","Spain (Mainland)",0,0,0,0,0.0112851832182687,0.133961763143919,0,0,0.0389006903876792,0.13874137015401,0.000929368029739777,0.443839617631439,0.231279872543813,0,0,0,0,0,0.000265533722782793,0.00079660116834838,0,0,0,0,0,0,0,0,0,0,0,"Spain"
"Europe","EPPO","EU","Sweden",0,0,0,0,0,0,0,0,0,0.230306836533285,0,0,0,0,0,0,0,0,0.0549973084514624,0.674053472097613,0,0,0,0,0,0,0,0,0,0,0.0406423829176386,"Sweden"
"Europe","EPPO","EU","United Kingdom (England)",0,0,0,0,0,0,0,0,0,0.998781478472786,0.00121852152721365,0,0,0,0,0,0,0,0,0,0,0,0,0,0,0,0,0,0,0,0,"England"
"Europe","EPPO","EU","United Kingdom (Northern Ireland)",0,0,0,0,0,0,0,0,0,1,0,0,0,0,0,0,0,0,0,0,0,0,0,0,0,0,0,0,0,0,0,"Northern Ireland"
"Europe","EPPO","EU","United Kingdom (Scotland)",0,0,0,0,0,0,0,0,0,0.807716241443684,0.191039203484754,0,0,0,0,0,0,0,0,0,0,0,0,0,0,0,0,0,0,0,0.00124455507156192,"Scotland"
"Europe","EPPO","EU","United Kingdom (Wales)",0,0,0,0,0,0,0,0,0,1,0,0,0,0,0,0,0,0,0,0,0,0,0,0,0,0,0,0,0,0,0,"Wales"
"Europe","EPPO",NA,"Albania",0,0,0,0,0,0,0,0,0.0225225225225225,0.18018018018018,0,0.45045045045045,0.301801801801802,0,0,0,0,0,0.0247747747747748,0.018018018018018,0,0,0.00225225225225225,0,0,0,0,0,0,0,0,"Albania"
"Africa","EPPO",NA,"Algeria",0,0,0,0,0.00614094941027391,0.0507846768690906,0.878383208239919,0.0202423887968288,0.00110472105793287,0,0,0.0429216622802742,0.000422393345680216,0,0,0,0,0,0,0,0,0,0,0,0,0,0,0,0,0,0,"Algeria"
"Asia","EPPO",NA,"Azerbaijan",0,0,0,0,0,0.555555555555556,0,0.003003003003003,0.153153153153153,0.00600600600600601,0,0.0608108108108108,0.0015015015015015,0,0,0,0,0.0142642642642643,0.143393393393393,0.0232732732732733,0,0.00975975975975976,0.0187687687687688,0,0,0,0,0,0,0,0.0105105105105105,"Azerbaijan"
"Asia","EPPO",NA,"Belarus",0,0,0,0,0,0,0,0,0,0.039463886820551,0,0,0,0,0,0,0,0,0.960536113179449,0,0,0,0,0,0,0,0,0,0,0,0,"Belarus"
"Europe","EPPO",NA,"Bosnia and Herzegovina",0,0,0,0,0,0,0,0,0.138349514563107,0.758495145631068,0,0.0388349514563107,0,0,0,0,0,0,0.0558252427184466,0.00849514563106796,0,0,0,0,0,0,0,0,0,0,0,"Bosnia and Herzegovina"
"Asia","EPPO",NA,"Georgia",0,0,0,0,0,0.0145586897179254,0,0,0.309372156505914,0.0436760691537762,0,0,0,0,0,0,0,0.0527752502274795,0.398544131028207,0.143767060964513,0,0,0,0,0,0,0,0,0,0,0.0373066424021838,"Georgia"
"Asia","EPPO",NA,"Israel",0,0,0,0,0.285714285714286,0,0.360714285714286,0.0107142857142857,0,0,0,0.342857142857143,0,0,0,0,0,0,0,0,0,0,0,0,0,0,0,0,0,0,0,"Israel"
"Asia","EPPO",NA,"Jordan",0,0,0,0,0.0379746835443038,0.0835443037974684,0.736708860759494,0.116455696202532,0,0,0,0.0253164556962025,0,0,0,0,0,0,0,0,0,0,0,0,0,0,0,0,0,0,0,"Jordan"
"Asia","EPPO",NA,"Kazakhstan",0,0,0,0,0,0.389701617580718,0,0.219286374084338,0.000687418100577861,0,0,0.00683121737449249,0,0,0,0,0,0.0901806620695581,0.261498141822947,0.0147580073467809,0,0.00803419905050375,0.00279263603359756,0.00100964533522373,0,0,0,0,0,0,0.00522008120126313,"Kazakhstan"
"Asia","EPPO",NA,"Kyrgyzstan",0,0,0,0,0,0.170812603648425,0,0.0126036484245439,0.00066334991708126,0,0,0.0033167495854063,0,0,0,0,0,0.0228855721393035,0.0975124378109453,0.187064676616915,0,0.0328358208955224,0.11077943615257,0.085240464344942,0,0,0,0.00862354892205638,0,0.00298507462686567,0.264676616915423,"Kyrgyzstan"
"Europe","EPPO",NA,"Moldova",0,0,0,0,0,0,0,0,0.838541666666667,0.161458333333333,0,0,0,0,0,0,0,0,0,0,0,0,0,0,0,0,0,0,0,0,0,"Moldova"
"Africa","EPPO",NA,"Morocco",0,0,0,0,0.11606982184632,0.141443224761562,0.296202987223322,0.112650710815188,0,0,0,0.285405794493432,0.0480475076480115,0.000179953212164837,0,0,0,0,0,0,0,0,0,0,0,0,0,0,0,0,0,"Morocco"
"Europe","EPPO",NA,"Norway",0,0,0,0,0,0,0,0,0,0.101733963865648,0.0440160058202983,0,0,0,0,0,0,0,0.0445010306778222,0.695040620831818,0,0,0,0,0,0,0,0,0,0,0.114708378804414,"Norway"
"Europe","EPPO",NA,"Serbia",0,0,0,0,0,0,0,0,0.525801952580195,0.414923291492329,0,0,0,0,0,0,0,0,0.0550906555090655,0.00418410041841004,0,0,0,0,0,0,0,0,0,0,0,"Serbia"
"Europe","EPPO",NA,"Switzerland",0,0,0,0,0,0,0,0,0,0.578125,0.0284090909090909,0,0,0,0,0,0,0,0,0.122159090909091,0,0,0,0,0,0,0,0,0,0,0.271306818181818,"Switzerland"
"Africa","EPPO",NA,"Tunisia",0,0,0,0,0.110300820419325,0.0961713764813127,0.643117593436645,0.00136736554238833,0,0,0,0.149042844120328,0,0,0,0,0,0,0,0,0,0,0,0,0,0,0,0,0,0,0,"Tunisia"
"Asia","EPPO",NA,"Turkey",0,0,0,0,0.00445892642771394,0.0616532327216601,0,0,0.0306979934831075,0.0547075973246441,0,0.414251414851655,0.170039444349168,0,0,0,0,0.000857485851483451,0.0587377808266164,0.00883210427027954,0,0.0308694906534042,0.163093808952152,0.00137197736237352,0,0,0,0,0,0,0.000428742925741725,"Turkey"
"Asia","EPPO",NA,"Ukraine",0,0,0,0,0,0.000663507109004739,0,0,0.151563981042654,0.108151658767773,0,0,0,0,0,0,0,0.150521327014218,0.582464454976303,0.00663507109004739,0,0,0,0,0,0,0,0,0,0,0,"Ukraine"
"Asia","EPPO",NA,"Uzbekistan",0,0,0,0,0.00326238931179121,0.178810004660556,0.0010874631039304,0.657138418517943,0,0,0,0.110610532856921,0.00652477862358241,0,0,0,0,0,0,0,0,0.00372844492776138,0.0214385583346279,0.0141370203510952,0,0,0,0,0,0,0.00326238931179121,"Uzbekistan"
"Asia",NA,NA,"Afghanistan",0,0,0,0,0.0484895775275889,0.264073124512317,0.27789544086501,0.0161631925091963,0.0076914502285141,0.0101437966781853,0,0.0951956303645079,0.0101437966781853,0,0,0,0,0,0.00869468286701594,0.00390146026084049,0,0.00445881172667484,0.173670716753985,0.0418013599375766,0,0,0,0,0,0,0.0376769590904024,"Afghanistan"
"Europe",NA,NA,"Andorra",0,0,0,0,0,0,0,0,0,0.6,0.4,0,0,0,0,0,0,0,0,0,0,0,0,0,0,0,0,0,0,0,0,"Andorra"
"Africa",NA,NA,"Angola",0,0,0,0.453336007487632,0.17375317555823,0.00140393100681909,0.0209921112448188,0.00320898515844364,0,0,0,0,0,0,0.23579355528814,0.111512234255917,0,0,0,0,0,0,0,0,0,0,0,0,0,0,0,"Angola"
"Central America & Caribbean",NA,NA,"Antigua and Barbuda",0,1,0,0,0,0,0,0,0,0,0,0,0,0,0,0,0,0,0,0,0,0,0,0,0,0,0,0,0,0,0,"Antigua and Barbuda"
"South America",NA,NA,"Argentina",0,0,0,0,0.0654848227234085,0.270965644846727,0.0195779366905036,0.0615842376356453,0.226834025103766,0.0452317847677152,0.0150522578386758,0,0.0607591138670801,0.00792618892833925,0.147697154573186,0.017927689153373,0.0040006000900135,0,2.50037505625844e-05,0.000250037505625844,0,0,0,0.000775116267440116,0,0,0.000100015002250338,0.000200030004500675,0,0.000125018752812922,0.0554833224983748,"Argentina"
"Asia",NA,NA,"Armenia",0,0,0,0,0,0.0984340044742729,0,0,0.0178970917225951,0,0,0.00223713646532438,0,0,0,0,0,0.116331096196868,0.70917225950783,0.0380313199105145,0,0.00447427293064877,0.00894854586129754,0.00223713646532438,0,0,0,0,0,0,0.00223713646532438,"Armenia"
"Central America & Caribbean",NA,NA,"Aruba",0,0,0,0,1,0,0,0,0,0,0,0,0,0,0,0,0,0,0,0,0,0,0,0,0,0,0,0,0,0,0,"Aruba"
"Asia",NA,NA,"Bahrain",0,0,0,0,0,0,1,0,0,0,0,0,0,0,0,0,0,0,0,0,0,0,0,0,0,0,0,0,0,0,0,"Bahrain"
"Asia",NA,NA,"Bangladesh",0,0.315911730545877,0,0.558652729384437,0,0,0,0,0,0,0,0,0,0,0.125435540069686,0,0,0,0,0,0,0,0,0,0,0,0,0,0,0,0,"Bangladesh"
"Central America & Caribbean",NA,NA,"Belize",0.142857142857143,0.663003663003663,0.00732600732600733,0.186813186813187,0,0,0,0,0,0,0,0,0,0,0,0,0,0,0,0,0,0,0,0,0,0,0,0,0,0,0,"Belize"
"Africa",NA,NA,"Benin",0,0,0,0.949676491732567,0.0503235082674335,0,0,0,0,0,0,0,0,0,0,0,0,0,0,0,0,0,0,0,0,0,0,0,0,0,0,"Benin"
"Asia",NA,NA,"Bhutan",0,0,0,0,0.011472275334608,0.0229445506692161,0,0.00382409177820268,0,0,0,0,0,0,0.273422562141491,0.445506692160612,0.017208413001912,0,0,0,0,0,0,0,0,0,0,0.0305927342256214,0,0,0.195028680688337,"Bhutan"
"South America",NA,NA,"Bolivia",0.0222691930248358,0.132784781459953,0,0.459953196950253,0.0669585566543368,0.090888503057296,0.000150977579829395,0.0563901260662792,0.00520872650411414,0.0184192647391862,0.000528421529402884,0,0,0,0.0256661885709972,0.0607684758813316,0.0063410583528346,0,0,0,0,0,0,0,0,0,0,0,0,0,0.05367252962935,"Bolivia"
"Africa",NA,NA,"Botswana",0,0,0,0,0.764995891536565,0,0.235004108463435,0,0,0,0,0,0,0,0,0,0,0,0,0,0,0,0,0,0,0,0,0,0,0,0,"Botswana"
"Africa",NA,NA,"Burkina Faso",0,0,0,0.359422958870473,0.591160220994475,0,0.0494168201350522,0,0,0,0,0,0,0,0,0,0,0,0,0,0,0,0,0,0,0,0,0,0,0,0,"Burkina Faso"
"Africa",NA,NA,"Burundi",0,0,0,0.761092150170648,0.037542662116041,0,0,0,0,0,0,0,0,0,0,0.201365187713311,0,0,0,0,0,0,0,0,0,0,0,0,0,0,0,"Burundi"
"Asia",NA,NA,"Cambodia",0,0.119036591014358,0,0.880963408985642,0,0,0,0,0,0,0,0,0,0,0,0,0,0,0,0,0,0,0,0,0,0,0,0,0,0,0,"Cambodia"
"Africa",NA,NA,"Cameroon",0.0122868145974693,0.133321107647167,0,0.795525398863011,0.0473134054648817,0,0.00165046763249587,0,0,0,0,0,0,0,0,0.00990280579497524,0,0,0,0,0,0,0,0,0,0,0,0,0,0,0,"Cameroon"
"Africa",NA,NA,"Central African Republic",0,0,0,0.93837689133425,0.0616231086657497,0,0,0,0,0,0,0,0,0,0,0,0,0,0,0,0,0,0,0,0,0,0,0,0,0,0,"Central African Republic"
"Africa",NA,NA,"Chad",0,0,0,0.117264485612929,0.19255025620812,0,0.681579293128367,0.00860596505058468,0,0,0,0,0,0,0,0,0,0,0,0,0,0,0,0,0,0,0,0,0,0,0,"Chad"
"South America",NA,NA,"Chile",0,0,0,0,0,0.0299334811529933,0.00665188470066519,0.227272727272727,0,0.11169623059867,0.142553584626755,0,0.183111603843311,0.0109940872135994,0,0,0,0,0,0,0,0,0,0.000184774575018477,0,0,0,0,0,0,0.28760162601626,"Chile"
"South America",NA,NA,"Colombia",0.501124100719424,0.253372302158273,0.0158123501199041,0.109112709832134,0.00674460431654676,0,0.000374700239808153,0,0,0.0925509592326139,0.00284772182254197,0,7.49400479616307e-05,0,0,0.00584532374100719,0.000224820143884892,0,0,0,0,0,0,0,0,0,0,0,0,0,0.0119154676258993,"Colombia"
"Africa",NA,NA,"Comoros",0.818181818181818,0,0,0,0,0,0,0,0.0909090909090909,0.0909090909090909,0,0,0,0,0,0,0,0,0,0,0,0,0,0,0,0,0,0,0,0,0,"Comoros"
"Central America & Caribbean",NA,NA,"Costa Rica",0.483091787439614,0.301127214170692,0,0.132045088566828,0,0,0,0,0,0.0837359098228663,0,0,0,0,0,0,0,0,0,0,0,0,0,0,0,0,0,0,0,0,0,"Costa Rica"
"Central America & Caribbean",NA,NA,"Cuba",0,0.0980392156862745,0,0.901960784313726,0,0,0,0,0,0,0,0,0,0,0,0,0,0,0,0,0,0,0,0,0,0,0,0,0,0,0,"Cuba"
"Africa",NA,NA,"Djibouti",0,0,0,0,0,0,1,0,0,0,0,0,0,0,0,0,0,0,0,0,0,0,0,0,0,0,0,0,0,0,0,"Djibouti"
"South America",NA,NA,"Dominica",1,0,0,0,0,0,0,0,0,0,0,0,0,0,0,0,0,0,0,0,0,0,0,0,0,0,0,0,0,0,0,"Dominica"
"South America",NA,NA,"Dominican Republic",0.337837837837838,0.190878378378378,0,0.327702702702703,0.035472972972973,0,0,0,0,0.108108108108108,0,0,0,0,0,0,0,0,0,0,0,0,0,0,0,0,0,0,0,0,0,"Dominican Republic"
"South America",NA,NA,"Ecuador",0.40191715166039,0.0657309140705238,0.0164327285176309,0.178363574118453,0.0575145498117083,0,0,0,0,0.163300239643958,0.0143786374529271,0,0.0130092434097912,0,0,0.0239643957548785,0.000342348510783978,0,0,0,0,0,0,0,0,0,0,0,0,0,0.0650462170489558,"Ecuador"
"Africa",NA,NA,"Egypt",0,0,0,0,0.00046029919447641,0,0.992635212888377,0.00690448791714614,0,0,0,0,0,0,0,0,0,0,0,0,0,0,0,0,0,0,0,0,0,0,0,"Egypt"
"Central America & Caribbean",NA,NA,"El Salvador",0,0.0166666666666667,0,0.983333333333333,0,0,0,0,0,0,0,0,0,0,0,0,0,0,0,0,0,0,0,0,0,0,0,0,0,0,0,"El Salvador"
"Africa",NA,NA,"Equatorial Guinea",0.141025641025641,0.775641025641026,0.0608974358974359,0.00641025641025641,0,0,0,0,0,0,0,0,0,0,0,0.016025641025641,0,0,0,0,0,0,0,0,0,0,0,0,0,0,0,"Equatorial Guinea"
"Africa",NA,NA,"Eritrea",0,0,0,0.0132588974180042,0.293091416608514,0.0111653872993719,0.665038381018842,0,0.000697836706210747,0.00697836706210747,0,0,0,0,0.00139567341242149,0.00837404047452896,0,0,0,0,0,0,0,0,0,0,0,0,0,0,0,"Eritrea"
"Africa",NA,NA,"Ethiopia",0,0.0143103319097925,0.0155091031692515,0.321270697535027,0.221847606203641,0,0.173222446991833,0,0.00179815688918858,0.0863115306810519,0.000224769611148573,0,0.00539447066756575,0,0.0182812617067506,0.139731774930696,7.49232037161909e-05,0,0,0,0,0,0,0,0,0,0,0,0,0,0.00202292650033715,"Ethiopia"
"Europe",NA,NA,"Faroe Islands",0,0,0,0,0,0,0,0,0,0,0.869565217391304,0,0,0,0,0,0,0,0,0,0,0,0,0,0,0,0,0,0,0,0.130434782608696,"Faroe Islands"
"Oceania",NA,NA,"Fiji",0.962406015037594,0.0300751879699248,0,0,0,0,0,0,0.0075187969924812,0,0,0,0,0,0,0,0,0,0,0,0,0,0,0,0,0,0,0,0,0,0,"Fiji"
"South America",NA,NA,"French Guiana",0.451143451143451,0.548856548856549,0,0,0,0,0,0,0,0,0,0,0,0,0,0,0,0,0,0,0,0,0,0,0,0,0,0,0,0,0,"French Guiana"
"Africa",NA,NA,"Gabon",0,0.121528912120222,0.207448546226723,0.671022541653055,0,0,0,0,0,0,0,0,0,0,0,0,0,0,0,0,0,0,0,0,0,0,0,0,0,0,0,"Gabon"
"Africa",NA,NA,"Ghana",0,0.000355239786856128,0,0.997513321492007,0.00213143872113677,0,0,0,0,0,0,0,0,0,0,0,0,0,0,0,0,0,0,0,0,0,0,0,0,0,0,"Ghana"
"North America",NA,NA,"Greenland",0,0,0,0,0,0.000446741974599528,0,0,0,0,0,0,0,0,0,0,0,0,0,0.000595655966132704,0,0,0,0,0,0,0,0,0,0.711596145254962,0.287361456804306,"Greenland"
"Central America & Caribbean",NA,NA,"Guadeloupe",0.230769230769231,0.769230769230769,0,0,0,0,0,0,0,0,0,0,0,0,0,0,0,0,0,0,0,0,0,0,0,0,0,0,0,0,0,"Guadeloupe"
"Central America & Caribbean",NA,NA,"Guatemala",0.199698568198945,0.3413715146948,0.0052750565184627,0.256970610399397,0,0,0,0,0.000753579502637528,0.0768651092690279,0.00150715900527506,0,0,0,0,0.116051243406179,0,0,0,0,0,0,0,0,0,0,0,0,0,0,0.00150715900527506,"Guatemala"
"Africa",NA,NA,"Guinea",0,0.0456905503634476,0,0.954309449636552,0,0,0,0,0,0,0,0,0,0,0,0,0,0,0,0,0,0,0,0,0,0,0,0,0,0,0,"Guinea"
"Africa",NA,NA,"Guinea-Bissau",0,0,0.0375335120643432,0.962466487935657,0,0,0,0,0,0,0,0,0,0,0,0,0,0,0,0,0,0,0,0,0,0,0,0,0,0,0,"Guinea-Bissau"
"South America",NA,NA,"Guyana",0.657294213528932,0.297473512632437,0,0.0444172779136104,0,0,0,0,0,0.000814995925020375,0,0,0,0,0,0,0,0,0,0,0,0,0,0,0,0,0,0,0,0,0,"Guyana"
"Central America & Caribbean",NA,NA,"Haiti",0.619047619047619,0.116071428571429,0,0.241071428571429,0.00595238095238095,0,0,0,0,0.0178571428571429,0,0,0,0,0,0,0,0,0,0,0,0,0,0,0,0,0,0,0,0,0,"Haiti"
"Central America & Caribbean",NA,NA,"Honduras",0.0418195157740279,0.362435803374908,0.10564930300807,0.407190022010271,0,0,0,0,0.000733675715333822,0.0286133528980191,0,0,0.00293470286133529,0,0,0.0506236243580337,0,0,0,0,0,0,0,0,0,0,0,0,0,0,0,"Honduras"
"Europe",NA,NA,"Iceland",0,0,0,0,0,0,0,0,0,0,0.248366013071895,0,0,0.00290486564996369,0,0,0,0,0,0.0228758169934641,0,0,0,0,0,0,0,0,0,0,0.725853304284677,"Iceland"
"Asia",NA,NA,"Iran",0,0,0,0,0.0761615981450103,0.196869704806921,0.411887987157763,0.0700526174975475,0.00245251047890841,8.91821992330331e-05,0,0.153081244983501,0.00526174975474895,0,0,0,0,0.000222955498082583,0.00169446178542763,8.91821992330331e-05,0,0.0378578435744225,0.0438776420226523,0.000401319896548649,0,0,0,0,0,0,0,"Iran"
"Asia",NA,NA,"Iraq",0,0,0,0,0.187696378369439,0,0.706135273689433,0,0,0,0,0.103687779063999,0,0,0,0,0,0,0,0,0,0.00181908384322805,0.000661485033901108,0,0,0,0,0,0,0,0,"Iraq"
"Central America & Caribbean",NA,NA,"Jamaica",0.383458646616541,0.496240601503759,0,0.120300751879699,0,0,0,0,0,0,0,0,0,0,0,0,0,0,0,0,0,0,0,0,0,0,0,0,0,0,0,"Jamaica"
"Africa",NA,NA,"Kenya",0.0266485998193315,0.0102378801565793,0.0861186389641674,0.112165010538994,0.488256549232159,0,0.148148148148148,0,0,0.0998193315266486,0.000150557061126167,0,0.0143029208069858,0,0.00255947003914484,0.0106895513399578,0,0,0,0,0,0,0,0,0,0,0,0,0,0,0.000903342366757001,"Kenya"
"Asia",NA,NA,"Kuwait",0,0,0,0,0,0,1,0,0,0,0,0,0,0,0,0,0,0,0,0,0,0,0,0,0,0,0,0,0,0,0,"Kuwait"
"Asia",NA,NA,"Laos",0,0.169711876317639,0,0.484891075193254,0,0,0,0,0.00808151791988756,0.0028109627547435,0,0,0,0,0.309557273366128,0.0249472944483486,0,0,0,0,0,0,0,0,0,0,0,0,0,0,0,"Laos"
"Asia",NA,NA,"Lebanon",0,0,0,0,0,0,0,0,0,0,0,0.686274509803922,0.30718954248366,0,0,0,0,0,0,0,0,0,0,0.0065359477124183,0,0,0,0,0,0,0,"Lebanon"
"Africa",NA,NA,"Lesotho",0,0,0,0,0,0.0223325062034739,0,0,0,0,0,0,0,0,0.0148883374689826,0.915632754342432,0.0471464019851117,0,0,0,0,0,0,0,0,0,0,0,0,0,0,"Lesotho"
"Africa",NA,NA,"Liberia",0,0.765287769784173,0,0.234712230215827,0,0,0,0,0,0,0,0,0,0,0,0,0,0,0,0,0,0,0,0,0,0,0,0,0,0,0,"Liberia"
"Africa",NA,NA,"Libya",0,0,0,0,0.0378812802556751,0.000516990177186633,0.955021854584763,0.000516990177186633,0,0,0,0.00596888659115477,9.39982140339334e-05,0,0,0,0,0,0,0,0,0,0,0,0,0,0,0,0,0,0,"Libya"
"Europe",NA,NA,"Liechtenstein",0,0,0,0,0,0,0,0,0,1,0,0,0,0,0,0,0,0,0,0,0,0,0,0,0,0,0,0,0,0,0,"Liechtenstein"
"Africa",NA,NA,"Madagascar",0.0890588717388335,0.0523152574784865,0.00204890042343942,0.386286026499112,0.109274689250102,0,0.000409780084687884,0,0.0625597595956836,0.0419341619997268,0,0,0,0,0.150389291080453,0.105723261849474,0,0,0,0,0,0,0,0,0,0,0,0,0,0,0,"Madagascar"
"Africa",NA,NA,"Malawi",0,0,0,0.409168081494058,0.0161290322580645,0,0,0,0,0,0,0,0,0,0.502546689303905,0.0721561969439728,0,0,0,0,0,0,0,0,0,0,0,0,0,0,0,"Malawi"
"Africa",NA,NA,"Mali",0,0,0,0.101832596828698,0.171627242006759,0,0.726540161164544,0,0,0,0,0,0,0,0,0,0,0,0,0,0,0,0,0,0,0,0,0,0,0,0,"Mali"
"Africa",NA,NA,"Mauritania",0,0,0,0,0.00812379110251451,0,0.991876208897486,0,0,0,0,0,0,0,0,0,0,0,0,0,0,0,0,0,0,0,0,0,0,0,0,"Mauritania"
"North America",NA,NA,"Mexico",0.00616049283942715,0.0530842467397392,0.0341627330186415,0.142891431314505,0.263221057684615,0.117169373549884,0.178534282742619,0.0111208896711737,0.0116009280742459,0.0178414273141851,4.00032002560205e-05,0.0366029282342587,0.0514041123289863,0.000280022401792143,0.0192815425234019,0.0560844867589407,8.0006400512041e-05,0,0,0,0,0,0,0,0,0,0,0,0,0,0.000440035202816225,"Mexico"
"Asia",NA,NA,"Mongolia",0,0,0,0,0,0.35722090350778,0,0.371726762367658,0,0,0,0,0,0,0,0,0,0,0,0.000452130665762405,0,0,0,0,0,0,0.0253193172826947,0.210278437134999,0,0,0.0350024490411062,"Mongolia"
"Europe","EPPO",NA,"Montenegro",0,0,0,0,0,0,0,0,0,0.493150684931507,0,0.168949771689498,0.0091324200913242,0,0,0,0,0,0.28310502283105,0.045662100456621,0,0,0,0,0,0,0,0,0,0,0,"Montenegro"
"Central America & Caribbean",NA,NA,"Montserrat",0,1,0,0,0,0,0,0,0,0,0,0,0,0,0,0,0,0,0,0,0,0,0,0,0,0,0,0,0,0,0,"Montserrat"
"Africa",NA,NA,"Mozambique",0,0,0.00354462051709758,0.681192660550459,0.245621351125938,0,0,0,0,0,0,0,0,0,0.0679733110925771,0.00166805671392827,0,0,0,0,0,0,0,0,0,0,0,0,0,0,0,"Mozambique"
"Africa",NA,NA,"Namibia",0,0,0,0,0.369638230496114,0.0180404951540159,0.494290375203915,0.118030899145955,0,0,0,0,0,0,0,0,0,0,0,0,0,0,0,0,0,0,0,0,0,0,0,"Namibia"
"Asia",NA,NA,"Nepal",0,0,0,0,0,0.0102092904543134,0,0.00102092904543134,0,0,0,0,0,0,0.50944359367024,0.226135783563042,0.0035732516590097,0,0,0,0,0,0,0,0,0,0.0132720775906075,0.0204185809086268,0,0.0168453292496172,0.199081163859112,"Nepal"
"Oceania",NA,NA,"New Caledonia",0.176470588235294,0.266968325791855,0,0.312217194570136,0,0,0,0,0.226244343891403,0.0180995475113122,0,0,0,0,0,0,0,0,0,0,0,0,0,0,0,0,0,0,0,0,0,"New Caledonia"
"Oceania",NA,NA,"New Zealand",0,0,0,0,0,0,0,0,0,0.819397993311037,0.127568084089823,0,0,0,0,0,0,0,0,0.00883898709985667,0,0,0,0,0,0,0,0,0,0,0.0441949354992833,"New Zealand"
"Central America & Caribbean",NA,NA,"Nicaragua",0.0487972508591065,0.6,0,0.344329896907216,0,0,0,0,0,0,0,0,0,0,0,0.00687285223367698,0,0,0,0,0,0,0,0,0,0,0,0,0,0,0,"Nicaragua"
"Africa",NA,NA,"Niger",0,0,0,0,0.0539548413907743,0,0.946045158609226,0,0,0,0,0,0,0,0,0,0,0,0,0,0,0,0,0,0,0,0,0,0,0,0,"Niger"
"Africa",NA,NA,"Nigeria",0,0.0745446053246147,0,0.663708547407753,0.223446987389071,0,0.0371788883699206,0,0,0,0,0,0,0,0,0.00112097150864082,0,0,0,0,0,0,0,0,0,0,0,0,0,0,0,"Nigeria"
"Asia",NA,NA,"Oman",0,0,0,0,0.000258866166192079,0.00207092932953663,0.996634739839503,0.00103546466476831,0,0,0,0,0,0,0,0,0,0,0,0,0,0,0,0,0,0,0,0,0,0,0,"Oman"
"Asia",NA,NA,"Pakistan",0,0,0,0,0.112573839662447,0.0788185654008439,0.610210970464135,0.0172151898734177,0.0351054852320675,0.0148523206751055,0,0.00109704641350211,0.000590717299578059,0,0.039746835443038,0.000168776371308017,0,0,0.00978902953586498,0.0280168776371308,0,0,0.00388185654008439,0.00447257383966245,0,0,0,0,0,0.000253164556962025,0.0432067510548523,"Pakistan"
"Central America & Caribbean",NA,NA,"Panama",0.235632183908046,0.480459770114943,0,0.248275862068966,0,0,0,0,0,0.0298850574712644,0,0,0,0,0,0.00574712643678161,0,0,0,0,0,0,0,0,0,0,0,0,0,0,0,"Panama"
"Oceania",NA,NA,"Papua New Guinea",0.840904842026547,0.0588895120583287,0,0.0127126565713217,0,0,0,0,0,0.0874929893438026,0,0,0,0,0,0,0,0,0,0,0,0,0,0,0,0,0,0,0,0,0,"Papua New Guinea"
"South America",NA,NA,"Paraguay",0.00706713780918728,0.0502552021986651,0,0.364939144091088,0.179426776599921,0,0,0,0.369846878680801,0,0,0,0,0,0.0284648606203377,0,0,0,0,0,0,0,0,0,0,0,0,0,0,0,0,"Paraguay"
"South America",NA,NA,"Peru",0.40896872746345,0.0952599488625188,0,0.0498262636858323,0.015996853078083,0.0196682619812496,0.0802465088834983,0.0415655936537075,0,0.0646430210450403,0.0018357044515833,0,0,0,0,0.0470727070084574,0.00740837867960401,0,0,0,0,0,0,0,0,0,0,0,0,6.5560873270832e-05,0.167442470333705,"Peru"
"Asia",NA,NA,"Philippines",0.623498388514503,0.286844418400234,0,0.0706123644887196,0,0,0,0,0,0.00615294462349839,0,0,0,0,0,0.0128918839730442,0,0,0,0,0,0,0,0,0,0,0,0,0,0,0,"Philippines"
"Asia",NA,NA,"Qatar",0,0,0,0,0,0,1,0,0,0,0,0,0,0,0,0,0,0,0,0,0,0,0,0,0,0,0,0,0,0,0,"Qatar"
"Africa",NA,NA,"Rwanda",0,0,0,0.682432432432432,0,0,0,0,0,0.233108108108108,0,0,0,0,0,0.0844594594594595,0,0,0,0,0,0,0,0,0,0,0,0,0,0,0,"Rwanda"
"Europe",NA,NA,"San Marino",0,0,0,0,0,0,0,0,1,0,0,0,0,0,0,0,0,0,0,0,0,0,0,0,0,0,0,0,0,0,0,"San Marino"
"Africa",NA,NA,"Sao Tome and Principe",0,0,1,0,0,0,0,0,0,0,0,0,0,0,0,0,0,0,0,0,0,0,0,0,0,0,0,0,0,0,0,"Sao Tome and Principe"
"Asia",NA,NA,"Saudi Arabia",0,0,0,0,0,0.000119364978315362,0.992599371344448,0.0072812636772371,0,0,0,0,0,0,0,0,0,0,0,0,0,0,0,0,0,0,0,0,0,0,0,"Saudi Arabia"
"Africa",NA,NA,"Senegal",0,0,0.0528541226215645,0.184355179704017,0.53276955602537,0,0.230021141649049,0,0,0,0,0,0,0,0,0,0,0,0,0,0,0,0,0,0,0,0,0,0,0,0,"Senegal"
"Africa",NA,NA,"Sierra Leone",0,0.358620689655172,0,0.641379310344828,0,0,0,0,0,0,0,0,0,0,0,0,0,0,0,0,0,0,0,0,0,0,0,0,0,0,0,"Sierra Leone"
"Asia",NA,NA,"Singapore",1,0,0,0,0,0,0,0,0,0,0,0,0,0,0,0,0,0,0,0,0,0,0,0,0,0,0,0,0,0,0,"Singapore"
"Oceania",NA,NA,"Solomon Islands",0.995983935742972,0,0,0,0,0,0,0,0,0.00401606425702811,0,0,0,0,0,0,0,0,0,0,0,0,0,0,0,0,0,0,0,0,0,"Solomon Islands"
"Africa",NA,NA,"Somalia",0,0,0.00964888769766819,0,0.3491021173948,0.000268024658268561,0.640980970249263,0,0,0,0,0,0,0,0,0,0,0,0,0,0,0,0,0,0,0,0,0,0,0,0,"Somalia"
"Africa",NA,NA,"South Africa",0,0,0,0.00825733300468326,0.241927532659601,0.201688439733793,0.173712102538822,0.0848533399063347,0.0379590830663052,0.0682770520088735,0,0.0099827458713335,0.0139265467093912,0,0.0449223564210007,0.114431846191767,6.16218880946512e-05,0,0,0,0,0,0,0,0,0,0,0,0,0,0,"South Africa"
"Asia",NA,NA,"Sri Lanka",0.298804780876494,0.286852589641434,0.389110225763612,0.0159362549800797,0,0,0,0,0,0.00929614873837981,0,0,0,0,0,0,0,0,0,0,0,0,0,0,0,0,0,0,0,0,0,"Sri Lanka"
"Africa",NA,NA,"Sudan",0,0,3.32513134268804e-05,0.165491786925584,0.254405799029062,3.32513134268804e-05,0.579271131209683,0,6.65026268537607e-05,0.000232759193988163,0,0,0,0,0.000332513134268804,0.000133005253707521,0,0,0,0,0,0,0,0,0,0,0,0,0,0,0,"Sudan"
"South America",NA,NA,"Suriname",0.525162818235642,0.474837181764358,0,0,0,0,0,0,0,0,0,0,0,0,0,0,0,0,0,0,0,0,0,0,0,0,0,0,0,0,0,"Suriname"
"Africa",NA,NA,"Swaziland",0,0,0,0,0.440909090909091,0,0,0,0,0,0,0,0,0,0.372727272727273,0.186363636363636,0,0,0,0,0,0,0,0,0,0,0,0,0,0,0,"Swaziland"
"Asia",NA,NA,"Syria",0,0,0,0,0.225519287833828,0.11906528189911,0.366097922848665,0.0916172106824926,0,0,0,0.18620178041543,0.0114985163204748,0,0,0,0,0,0,0,0,0,0,0,0,0,0,0,0,0,0,"Syria"
"Asia",NA,NA,"Taiwan",0,0.0150214592274678,0,0.0965665236051502,0,0,0,0,0.311158798283262,0.242489270386266,0.0171673819742489,0,0,0,0.236051502145923,0.0686695278969957,0,0,0,0,0,0,0,0,0,0,0,0,0,0,0.0128755364806867,"Taiwan"
"Asia",NA,NA,"Tajikistan",0,0,0,0,0.0018700327255727,0.158952781673679,0.00280504908835905,0.0682561944834035,0,0,0,0.129499766245909,0.0018700327255727,0,0,0,0,0,0,0.0140252454417952,0,0.00841514726507714,0.1369798971482,0.155212716222534,0,0,0,0,0,0.00233754090696587,0.319775596072931,"Tajikistan"
"Asia",NA,NA,"Thailand",0.0125462441692134,0.153771915714975,0,0.816310117419977,0,0,0,0,0,0,0,0,0,0,0.0167283255589513,0.000643397136882741,0,0,0,0,0,0,0,0,0,0,0,0,0,0,0,"Thailand"
"Africa",NA,NA,"Togo",0,0,0,1,0,0,0,0,0,0,0,0,0,0,0,0,0,0,0,0,0,0,0,0,0,0,0,0,0,0,0,"Togo"
"South America",NA,NA,"Trinidad and Tobago",0,1,0,0,0,0,0,0,0,0,0,0,0,0,0,0,0,0,0,0,0,0,0,0,0,0,0,0,0,0,0,"Trinidad and Tobago"
"Asia",NA,NA,"Turkmenistan",0,0,0,0,0.0288967971530249,0.142348754448399,0.042846975088968,0.780498220640569,0,0,0,0.00256227758007117,0.000284697508896797,0,0,0,0,0,0,0,0,0.00156583629893238,0.00099644128113879,0,0,0,0,0,0,0,0,"Turkmenistan"
"Africa",NA,NA,"Uganda",0.0454731667349447,0.0712822613682917,0.0561245391233101,0.773863170831626,0.025809094633347,0,0,0,0.000409668168783286,0.0262187628021303,0.000409668168783286,0,0,0,0,0,0,0,0,0,0,0,0,0,0,0,0,0,0,0,0.000409668168783286,"Uganda"
"Asia",NA,NA,"United Arab Emirates",0,0,0,0,0,0,1,0,0,0,0,0,0,0,0,0,0,0,0,0,0,0,0,0,0,0,0,0,0,0,0,"United Arab Emirates"
"South America",NA,NA,"Uruguay",0,0,0,0,0,0,0,0,0.991528842275111,0.00847115772488907,0,0,0,0,0,0,0,0,0,0,0,0,0,0,0,0,0,0,0,0,0,"Uruguay"
"Oceania",NA,NA,"Vanuatu",0.988888888888889,0,0,0,0,0,0,0,0,0.0111111111111111,0,0,0,0,0,0,0,0,0,0,0,0,0,0,0,0,0,0,0,0,0,"Vanuatu"
"South America",NA,NA,"Venezuela",0.235952958745567,0.19917864476386,9.33358222885944e-05,0.519973865969759,0.0151204032107523,0,0,0,0,0.0196938585028934,0.000186671644577189,0,0,0,0,0.00793354489453052,0,0,0,0,0,0,0,0,0,0,0,0,0,0,0.00186671644577189,"Venezuela"
"Asia",NA,NA,"Vietnam",0,0.230496453900709,0,0.410587639311044,0,0,0,0,0.00303951367781155,0.000759878419452888,0,0,0,0,0.338399189463019,0.0167173252279635,0,0,0,0,0,0,0,0,0,0,0,0,0,0,0,"Vietnam"
"Asia",NA,NA,"Yemen",0,0,0,0,0.0432757616922181,0.0151368135066951,0.862604308169998,0.071996895012614,0,0,0,0,0,0,0.000776246846497186,0.00620997477197749,0,0,0,0,0,0,0,0,0,0,0,0,0,0,0,"Yemen"
"Africa",NA,NA,"Zambia",0,0,0,0.301400311180262,0.123360746832629,0,0,0,0,0,0,0,0,0,0.570571238052901,0.0046677039342076,0,0,0,0,0,0,0,0,0,0,0,0,0,0,0,"Zambia"
"Africa",NA,NA,"Zimbabwe",0,0,0,0.00478170478170478,0.676715176715177,0,0.0182952182952183,0,0,0,0,0,0,0,0.245114345114345,0.0550935550935551,0,0,0,0,0,0,0,0,0,0,0,0,0,0,0,"Zimbabwe"
"Europe","EPPO",NA,"Macedonia",0,0,0,0,0,0.00530503978779841,0,0,0.392572944297082,0.427055702917772,0,0.013262599469496,0.0875331564986737,0,0,0,0,0,0.0636604774535809,0.00795755968169761,0,0,0.0026525198938992,0,0,0,0,0,0,0,0,"Macedonia"
"Europe",NA,NA,"Man, Isle of",0,0,0,0,0,0,0,0,0,1,0,0,0,0,0,0,0,0,0,0,0,0,0,0,0,0,0,0,0,0,0,"Man, Isle of"
"Asia","EPPO",NA,"Russia (Central Russia)",0,0,0,0,0,0,0,0,0,0.00678219386728741,0,0,0,0,0,0,0,5.74762192143001e-05,0.90148576026669,0.0916745696468086,0,0,0,0,0,0,0,0,0,0,0,"Central Russia"
"Asia","EPPO",NA,"Russia (Eastern Siberia)",0,0,0,0,0,0.00415175558130946,0,0.000131599614540484,0,0,0,0,0,0,0,0,0,0,0.00702996650577553,0.527052211085782,0.128572823406053,0,0,0.036949775643883,0.0279585503665686,0,0.00622338822310804,0.0927904636976096,0.0238195302318276,5.9432083986025e-05,0.145260503559557,"Eastern Siberia"
"Asia","EPPO",NA,"Russia (Far East)",0,0,0,0,0,0,0,0,0,0,0,0,0,0,0,0,0,0,0.150539180445723,0.171746944644141,0.000647016534867002,0,0.001509705248023,0,0,0.00460100647016535,0.217613227893602,0.396010064701654,0.00352264557872035,0,0.0538102084831057,"Far East"
"Asia","EPPO",NA,"Russia (Northern Russia)",0,0,0,0,0,0,0,0,0,0,0,0,0,0,0,0,0,0,0.0177989606053262,0.883700891294396,0,0,0,0.00242345908393247,0,0,0,0,0,0.000484691816786493,0.0955919971995584,"Northern Russia"
"Asia","EPPO",NA,"Russia (Southern Russia)",0,0,0,0,0,0.119233457595527,0,0.000407735321528425,0.158376048462255,0.00757222739981361,0,0,0,0,0,0,0,0.353972506989748,0.336381640260951,0.016309412861137,0,0,0,0,0,0,0,0,0,0,0.00774697110904007,"Southern Russia"
"Asia","EPPO",NA,"Russia (Western Siberia)",0,0,0,0,0,0.0044126091818539,0,0.000181340103363859,0,0,0,0,0,0,0,0,0,0,0.344198627859885,0.602744280230906,0,0,0,0,0,0,0.00273521322573821,0.00618067518965152,0,0,0.0395472542086016,"Western Siberia"
"Africa","EPPO",NA,"Spain (Canarias)",0,0,0,0,0.0666666666666667,0.266666666666667,0.36,0,0,0,0,0,0.293333333333333,0.0133333333333333,0,0,0,0,0,0,0,0,0,0,0,0,0,0,0,0,0,"Canarias"
"Europe","EPPO","EU","United Kingdom (Channel Islands)",0,0,0,0,0,0,0,0,0,1,0,0,0,0,0,0,0,0,0,0,0,0,0,0,0,0,0,0,0,0,0,"Channel Islands"
"Oceania",NA,NA,"Australia (Australian Capital Territory)",0,0,0,0,0,0,0,0,0,1,0,0,0,0,0,0,0,0,0,0,0,0,0,0,0,0,0,0,0,0,0,"Australian Capital Territory"
"Oceania",NA,NA,"Australia (New South Wales)",0,0,0,0,0.230394368739283,0.169930511686671,0.184189152603556,0.00126342387871131,0.256655536503926,0.157115783774028,0.000360978251060374,0,0,0,0,0,0,0,0,9.02445627650934e-05,0,0,0,0,0,0,0,0,0,0,0,"New South Wales"
"Oceania",NA,NA,"Australia (Northern Territory)",0,0,0,0.245049356865091,0.321148668860305,0,0.433801974274604,0,0,0,0,0,0,0,0,0,0,0,0,0,0,0,0,0,0,0,0,0,0,0,0,"Northern Territory"
"Oceania",NA,NA,"Australia (Queensland)",0.00132553249840022,0.00228540085931072,0,0.143751714050644,0.54008593107231,9.14160343724289e-05,0.21491909680958,0,0.0685620257793217,0.00123411646402779,0,0,0,0,0.0277447664320322,0,0,0,0,0,0,0,0,0,0,0,0,0,0,0,0,"Queensland"
"Oceania",NA,NA,"Australia (South Australia)",0,0,0,0,0.0353816105769231,0.163912259615385,0.704927884615385,0.0297475961538462,0,0.000600961538461538,0,0.00638521634615385,0.0590444711538462,0,0,0,0,0,0,0,0,0,0,0,0,0,0,0,0,0,0,"South Australia"
"Oceania",NA,NA,"Australia (Tasmania)",0,0,0,0,0,0,0,0,0,0.93655303030303,0.0511363636363636,0,0.0123106060606061,0,0,0,0,0,0,0,0,0,0,0,0,0,0,0,0,0,0,"Tasmania"
"Oceania",NA,NA,"Australia (Victoria)",0,0,0,0,0,0.302567237163814,0,0,0.0495110024449878,0.579462102689487,0,0,0.0684596577017115,0,0,0,0,0,0,0,0,0,0,0,0,0,0,0,0,0,0,"Victoria"
"Oceania",NA,NA,"Australia (Western Australia)",0,0,0,0.0482541814186302,0.264741789769259,0.0675436454645342,0.556006592601636,0.00210596996703699,0,0.00277743865217922,0,0.0323220607984373,0.0261872787205469,0,6.10426077402027e-05,0,0,0,0,0,0,0,0,0,0,0,0,0,0,0,0,"Western Australia"
"North America",NA,NA,"Bahamas, The",0,0,0.0350877192982456,0.964912280701754,0,0,0,0,0,0,0,0,0,0,0,0,0,0,0,0,0,0,0,0,0,0,0,0,0,0,0,"Bahamas"
"South America",NA,NA,"Brazil (Acre)",0.0517906336088154,0.490358126721763,0,0.457851239669421,0,0,0,0,0,0,0,0,0,0,0,0,0,0,0,0,0,0,0,0,0,0,0,0,0,0,0,"Acre"
"South America",NA,NA,"Brazil (Alagoas)",0,0.019047619047619,0.876190476190476,0,0.104761904761905,0,0,0,0,0,0,0,0,0,0,0,0,0,0,0,0,0,0,0,0,0,0,0,0,0,0,"Alagoas"
"South America",NA,NA,"Brazil (Amapa)",0,0.94740099009901,0.0525990099009901,0,0,0,0,0,0,0,0,0,0,0,0,0,0,0,0,0,0,0,0,0,0,0,0,0,0,0,0,"Amapa"
"South America",NA,NA,"Brazil (Amazonas)",0.655640002187107,0.321450051943791,0,0.0226365574935754,0,0,0,0,0,0.000273388375526273,0,0,0,0,0,0,0,0,0,0,0,0,0,0,0,0,0,0,0,0,0,"Amazonas"
"South America",NA,NA,"Brazil (Bahia)",0.070230607966457,0.019916142557652,0.0236597783767595,0.395477687930518,0.487571129080563,0,0.000299490865528601,0,0.00179694519317161,0.000598981731057203,0,0,0,0,0.000449236298292902,0,0,0,0,0,0,0,0,0,0,0,0,0,0,0,0,"Bahia"
"South America",NA,NA,"Brazil (Ceara)",0,0,0.335263462651998,0.52518818760857,0.139548349739433,0,0,0,0,0,0,0,0,0,0,0,0,0,0,0,0,0,0,0,0,0,0,0,0,0,0,"Ceara"
"South America",NA,NA,"Brazil (Distrito Federal)",0,0,0,1,0,0,0,0,0,0,0,0,0,0,0,0,0,0,0,0,0,0,0,0,0,0,0,0,0,0,0,"Distrito Federal"
"South America",NA,NA,"Brazil (Espirito Santo)",0,0.0678571428571429,0,0.821428571428571,0,0,0,0,0.0660714285714286,0,0,0,0,0,0.0375,0.00714285714285714,0,0,0,0,0,0,0,0,0,0,0,0,0,0,0,"Espirito Santo"
"South America",NA,NA,"Brazil (Goias)",0,0,0,1,0,0,0,0,0,0,0,0,0,0,0,0,0,0,0,0,0,0,0,0,0,0,0,0,0,0,0,"Goias"
"South America",NA,NA,"Brazil (Litigated Zone)",0,0.483870967741935,0,0.516129032258065,0,0,0,0,0,0,0,0,0,0,0,0,0,0,0,0,0,0,0,0,0,0,0,0,0,0,0,"Litigated Zone"
"South America",NA,NA,"Brazil (Maranhao)",0,0.04750656167979,0.0850393700787402,0.86745406824147,0,0,0,0,0,0,0,0,0,0,0,0,0,0,0,0,0,0,0,0,0,0,0,0,0,0,0,"Maranhao"
"South America",NA,NA,"Brazil (Mato Grosso do Sul)",0.00545578540577404,0.129802227779041,0,0.835189815867243,0,0,0,0,0.0295521709479427,0,0,0,0,0,0,0,0,0,0,0,0,0,0,0,0,0,0,0,0,0,0,"Mato Grosso do Sul"
"South America",NA,NA,"Brazil (Mato Grosso)",0,0.0346895470061814,0,0.965310452993819,0,0,0,0,0,0,0,0,0,0,0,0,0,0,0,0,0,0,0,0,0,0,0,0,0,0,0,"Mato Grosso"
"South America",NA,NA,"Brazil (Minas Gerais)",0,0,0,0.786021953591774,0.0286230373766847,0,0,0,0.000833680700291788,0.00319577601778519,0,0,0,0,0.154230929553981,0.0270946227594831,0,0,0,0,0,0,0,0,0,0,0,0,0,0,0,"Minas Gerais"
"South America",NA,NA,"Brazil (Para)",0.142400666851903,0.587107529869408,0,0.270491803278689,0,0,0,0,0,0,0,0,0,0,0,0,0,0,0,0,0,0,0,0,0,0,0,0,0,0,0,"Para"
"South America",NA,NA,"Brazil (Paraiba)",0,0,0.352850539291217,0.392912172573189,0.254237288135593,0,0,0,0,0,0,0,0,0,0,0,0,0,0,0,0,0,0,0,0,0,0,0,0,0,0,"Paraiba"
"South America",NA,NA,"Brazil (Parana)",0.0101443620756925,0.0156067108856808,0,0.0405774483027702,0,0,0,0,0.846273897776044,0.0873975809598127,0,0,0,0,0,0,0,0,0,0,0,0,0,0,0,0,0,0,0,0,0,"Parana"
"South America",NA,NA,"Brazil (Pernambuco)",0,0.0357766143106457,0.324607329842932,0.114310645724258,0.525305410122164,0,0,0,0,0,0,0,0,0,0,0,0,0,0,0,0,0,0,0,0,0,0,0,0,0,0,"Pernambuco"
"South America",NA,NA,"Brazil (Piaui)",0,0,0.0114516672280229,0.642977433479286,0.345570899292691,0,0,0,0,0,0,0,0,0,0,0,0,0,0,0,0,0,0,0,0,0,0,0,0,0,0,"Piaui"
"South America",NA,NA,"Brazil (Rio de Janeiro)",0,0.0496323529411765,0,0.729779411764706,0,0,0,0,0.0716911764705882,0.0275735294117647,0,0,0,0,0.0900735294117647,0.03125,0,0,0,0,0,0,0,0,0,0,0,0,0,0,0,"Rio de Janeiro"
"South America",NA,NA,"Brazil (Rio Grande do Norte)",0,0,0.360065466448445,0.268412438625205,0.37152209492635,0,0,0,0,0,0,0,0,0,0,0,0,0,0,0,0,0,0,0,0,0,0,0,0,0,0,"Rio Grande do Norte"
"South America",NA,NA,"Brazil (Rio Grande do Sul)",0,0,0,0,0,0,0,0,0.945115257958288,0.0548847420417124,0,0,0,0,0,0,0,0,0,0,0,0,0,0,0,0,0,0,0,0,0,"Rio Grande do Sul"
"South America",NA,NA,"Brazil (Rondonia)",0,0.287825475017593,0,0.712174524982407,0,0,0,0,0,0,0,0,0,0,0,0,0,0,0,0,0,0,0,0,0,0,0,0,0,0,0,"Rondonia"
"South America",NA,NA,"Brazil (Roraima)",0.45572025845686,0.437856328392246,0,0.105663245914101,0,0,0,0,0,0.000760167236792094,0,0,0,0,0,0,0,0,0,0,0,0,0,0,0,0,0,0,0,0,0,"Roraima"
"South America",NA,NA,"Brazil (Santa Catarina)",0.00814995925020375,0,0,0,0,0,0,0,0.729421352893236,0.262428687856561,0,0,0,0,0,0,0,0,0,0,0,0,0,0,0,0,0,0,0,0,0,"Santa Catarina"
"South America",NA,NA,"Brazil (Sao Paulo)",0.00453367875647668,0.0417746113989637,0,0.617227979274611,0,0,0,0,0.285621761658031,0.0365932642487047,0,0,0,0,0.0113341968911917,0.00291450777202073,0,0,0,0,0,0,0,0,0,0,0,0,0,0,0,"Sao Paulo"
"South America",NA,NA,"Brazil (Sergipe)",0,0.015748031496063,0.889763779527559,0,0.094488188976378,0,0,0,0,0,0,0,0,0,0,0,0,0,0,0,0,0,0,0,0,0,0,0,0,0,0,"Sergipe"
"South America",NA,NA,"Brazil (Tocantins)",0,0,0,1,0,0,0,0,0,0,0,0,0,0,0,0,0,0,0,0,0,0,0,0,0,0,0,0,0,0,0,"Tocantins"
"Asia",NA,NA,"Brunei",1,0,0,0,0,0,0,0,0,0,0,0,0,0,0,0,0,0,0,0,0,0,0,0,0,0,0,0,0,0,0,"Brunei"
"North America",NA,NA,"Canada (Alberta)",0,0,0,0,0,0.0677776951119708,0,0,0,0,0,0,0,0,0,0,0,0,0.248567814894725,0.646454876869281,0,0,0,0,0,0,0,0,0,0,0.0371996131240235,"Alberta"
"North America",NA,NA,"Canada (British Columbia)",0,0,0,0,0,0.00207028346958276,0,0,0,0.0725660898184521,0.0227200339738826,0,0.0124747850090243,5.3084191527763e-05,0,0,0,0,0.100116785221361,0.500583926106805,0,0,0.00913048094277524,0.103779594436777,0,0,0,0,0,5.3084191527763e-05,0.176451852638284,"British Columbia"
"North America",NA,NA,"Canada (Manitoba)",0,0,0,0,0,0,0,0,0,0,0,0,0,0,0,0,0,0,0.339780786589297,0.660219213410703,0,0,0,0,0,0,0,0,0,0,0,"Manitoba"
"North America",NA,NA,"Canada (New Brunswick)",0,0,0,0,0,0,0,0,0,0,0,0,0,0,0,0,0,0,1,0,0,0,0,0,0,0,0,0,0,0,0,"New Brunswick"
"North America",NA,NA,"Canada (Newfoundland)",0,0,0,0,0,0,0,0,0,0,0,0,0,0,0,0,0,0,0.203077331211036,0.680328956094973,0,0,0,0,0,0,0,0,0,0,0.116593712693991,"Newfoundland"
"North America",NA,NA,"Canada (Northwest Territories)",0,0,0,0,0,0.000350527138889638,0,0,0,0,0,0,0,0,0,0,0,0,0.000620163399573975,0.474236255291612,0,0,0,0.212176773532505,0,0,0,0,0,0,0.31261628063742,"Northwest Territories"
"North America",NA,NA,"Canada (Nova Scotia)",0,0,0,0,0,0,0,0,0,0,0,0,0,0,0,0,0,0,1,0,0,0,0,0,0,0,0,0,0,0,0,"Nova Scotia"
"North America",NA,NA,"Canada (Nunavut)",0,0,0,0,0,0,0,0,0,0,0,0,0,0,0,0,0,0,6.86332377043555e-05,0.160080163621639,0,0,0,5.49065901634844e-05,0,0,0,0,0,0.0630053122125983,0.776790984337895,"Nunavut"
"North America",NA,NA,"Canada (Ontario)",0,0,0,0,0,0,0,0,0.000223601095645369,0,0,0,0,0,0,0,0,0.00296271451730113,0.649393482028062,0.347420202358992,0,0,0,0,0,0,0,0,0,0,0,"Ontario"
"North America",NA,NA,"Canada (Prince Edward Island)",0,0,0,0,0,0,0,0,0,0,0,0,0,0,0,0,0,0,1,0,0,0,0,0,0,0,0,0,0,0,0,"Prince Edward Island"
"North America",NA,NA,"Canada (Quebec)",0,0,0,0,0,0,0,0,0,0,0,0,0,0,0,0,0,0,0.227203260315843,0.629037187977585,0,0,0,0,0,0,0,0,0,0,0.143759551706572,"Quebec"
"North America",NA,NA,"Canada (Saskatchewan)",0,0,0,0,0,0.0545025560361777,0,0,0,0,0,0,0,0,0,0,0,0,0.456783326779394,0.48863546991742,0,0,0,0,0,0,7.86472670074715e-05,0,0,0,0,"Saskatchewan"
"North America",NA,NA,"Canada (Yukon Territory)",0,0,0,0,0,0.002531245056162,0,0,0,0,0,0,0,0,0,0,0,0,0,0.485761746559089,0,0,0,0.280335389969941,0,0,0,0,0,0.00482518588830881,0.226546432526499,"Yukon Territory"
"Asia",NA,NA,"China (Anhui)",0,0,0,0,0,0,0,0,0.742154811715481,0,0,0,0,0,0.257845188284519,0,0,0,0,0,0,0,0,0,0,0,0,0,0,0,0,"Anhui"
"Asia",NA,NA,"China (Beijing)",0,0,0,0,0,0.61328125,0,0,0,0,0,0,0,0,0,0,0,0,0,0,0,0,0,0,0,0.296875,0.08984375,0,0,0,0,"Beijing"
"Asia",NA,NA,"China (Chongqing)",0,0,0,0,0,0,0,0,0.597449908925319,0.0300546448087432,0,0,0,0,0.333333333333333,0.0391621129326047,0,0,0,0,0,0,0,0,0,0,0,0,0,0,0,"Chongqing"
"Asia",NA,NA,"China (Fujian)",0,0,0,0,0,0,0,0,0.999358151476252,0.000641848523748395,0,0,0,0,0,0,0,0,0,0,0,0,0,0,0,0,0,0,0,0,0,"Fujian"
"Asia",NA,NA,"China (Gansu)",0,0,0,0,0,0.212811771038938,0,0.442311143010946,0,0,0,0,0,0,0.041629284048089,0.0330163287277947,0,0,0,0,0,0,0,0,0,0.013278306118787,0.113942221424726,0.0825408218194868,0,0.00071774627669119,0.0597523775345415,"Gansu"
"Asia",NA,NA,"China (Guangdong)",0,0,0,0.00448430493273543,0,0,0,0,0.554708520179372,0,0,0,0,0,0.440807174887892,0,0,0,0,0,0,0,0,0,0,0,0,0,0,0,0,"Guangdong"
"Asia",NA,NA,"China (Guangxi)",0,0,0,0,0,0,0,0,0.484411666107945,0.00335232986925913,0,0,0,0,0.509889373114314,0.00234663090848139,0,0,0,0,0,0,0,0,0,0,0,0,0,0,0,"Guangxi"
"Asia",NA,NA,"China (Guizhou)",0,0,0,0,0,0,0,0,0.544181977252843,0.0218722659667542,0,0,0,0,0.257217847769029,0.176727909011374,0,0,0,0,0,0,0,0,0,0,0,0,0,0,0,"Guizhou"
"Asia",NA,NA,"China (Hainan)",0,0.282296650717703,0,0.641148325358852,0,0,0,0,0,0,0,0,0,0,0.076555023923445,0,0,0,0,0,0,0,0,0,0,0,0,0,0,0,0,"Hainan"
"Asia",NA,NA,"China (Hebei)",0,0,0,0,0,0.507112375533428,0,0,0,0,0,0,0,0,0.00284495021337127,0,0,0,0,0,0,0,0,0,0,0.201635846372688,0.283783783783784,0.00462304409672831,0,0,0,"Hebei"
"Asia",NA,NA,"China (Heilongjiang)",0,0,0,0,0,0,0,0,0,0,0,0,0,0,0,0,0,0,0.00102788127971219,0,0,0,0,0,0,0.278041886162148,0.56353591160221,0.15739432095593,0,0,0,"Heilongjiang"
"Asia",NA,NA,"China (Henan)",0,0,0,0,0,0.13685578172369,0,0,0.135989605889996,0,0,0,0,0,0.697271546123863,0.0164573408401906,0,0,0,0,0,0,0,0,0,0.00173235166738848,0.0116933737548722,0,0,0,0,"Henan"
"Asia",NA,NA,"China (Hong Kong)",0,0,0,0,0,0,0,0,0,0,0,0,0,0,1,0,0,0,0,0,0,0,0,0,0,0,0,0,0,0,0,"Hong Kong"
"Asia",NA,NA,"China (Hubei)",0,0,0,0,0,0,0,0,0.729944400317712,0.0242255758538523,0,0,0,0,0.22438443208896,0.0214455917394758,0,0,0,0,0,0,0,0,0,0,0,0,0,0,0,"Hubei"
"Asia",NA,NA,"China (Hunan)",0,0,0,0,0,0,0,0,0.969960188201231,0.00506695620702135,0,0,0,0,0.0249728555917481,0,0,0,0,0,0,0,0,0,0,0,0,0,0,0,0,"Hunan"
"Asia",NA,NA,"China (Jiangsu)",0,0,0,0,0,0,0,0,0.597633136094675,0,0,0,0,0,0.402366863905325,0,0,0,0,0,0,0,0,0,0,0,0,0,0,0,0,"Jiangsu"
"Asia",NA,NA,"China (Jiangxi)",0,0,0,0,0,0,0,0,0.998185941043084,0.0018140589569161,0,0,0,0,0,0,0,0,0,0,0,0,0,0,0,0,0,0,0,0,0,"Jiangxi"
"Asia",NA,NA,"China (Jilin)",0,0,0,0,0,0.105847762169226,0,0,0,0,0,0,0,0,0,0,0,0,0,0,0,0,0,0,0,0.48186867036916,0.392682130022868,0.0196014374387455,0,0,0,"Jilin"
"Asia",NA,NA,"China (Liaoning)",0,0,0,0,0,0.0192813321647677,0,0,0,0,0,0,0,0,0,0,0,0,0,0,0,0,0,0,0,0.851007887817704,0.129710780017528,0,0,0,0,"Liaoning"
"Asia",NA,NA,"China (Nei Mongol)",0,0,0,0,0,0.367727418836387,0,0.293742633665488,0,0,0,0,0,0,0,0,0,0,0,0,0,0,0,0,0,0.0230365370191793,0.187988856744884,0.127504553734062,0,0,0,"Nei Mongol"
"Asia",NA,NA,"China (Ningxia)",0,0,0,0,0,0.502652519893899,0,0.363395225464191,0,0,0,0,0,0,0,0,0,0,0,0,0,0,0,0,0,0,0.127320954907162,0.00663129973474801,0,0,0,"Ningxia"
"Asia",NA,NA,"China (Qinghai)",0,0,0,0,0,0.0594579118152319,0,0.215690017178851,0,0,0,0,0,0,0,0,0,0,0,0,0,0,0,0,0,0,0.00248138957816377,0.0867531971750334,0,0.000190876121397213,0.635426608131323,"Qinghai"
"Asia",NA,NA,"China (Shaanxi)",0,0,0,0,0,0.393572909467865,0,0,0,0,0,0,0,0,0.337595024187975,0.117138908085695,0,0,0,0,0,0,0,0,0,0.073255010366275,0.0736005528680028,0.00483759502418798,0,0,0,"Shaanxi"
"Asia",NA,NA,"China (Shandong)",0,0,0,0,0,0.122359154929577,0,0,0,0,0,0,0,0,0.869718309859155,0.000440140845070423,0,0,0,0,0,0,0,0,0,0.00748239436619718,0,0,0,0,0,"Shandong"
"Asia",NA,NA,"China (Shanghai)",0,0,0,0,0,0,0,0,1,0,0,0,0,0,0,0,0,0,0,0,0,0,0,0,0,0,0,0,0,0,0,"Shanghai"
"Asia",NA,NA,"China (Shanxi)",0,0,0,0,0,0.42393686979395,0,0,0,0,0,0,0,0,0.0434020166593599,0,0,0,0,0,0,0,0,0,0,0.133713283647523,0.394125383603683,0.00482244629548444,0,0,0,"Shanxi"
"Asia",NA,NA,"China (Sichuan)",0,0,0,0,0.002313743637205,0.020360944007404,0,0.000462748727441,0.0401048897115533,0.001388246182323,0,0,0,0,0.317137127872898,0.225358630263767,0.00586148388091933,0,0,0,0,0,0,0,0,0,0.045812124016659,0.148542341508561,0,0,0.192657720191269,"Sichuan"
"Asia",NA,NA,"China (Tianjin)",0,0,0,0,0,0.656626506024096,0,0,0,0,0,0,0,0,0.156626506024096,0,0,0,0,0,0,0,0,0,0,0.186746987951807,0,0,0,0,0,"Tianjin"
"Asia",NA,NA,"China (Xinjiang)",0,0,0,0,0,0.144637117574699,0,0.650926550533709,0,0,0,0,0,0,0,0,0,0.000396809650410698,0.0132137613586762,0.0273798658783382,0,0,0,0,0,0,0.000595214475616047,0.00769810721796754,0,0.000555533510574977,0.154597039800008,"Xinjiang"
"Asia",NA,NA,"China (Xizang)",0,0,0,0,0.000128691847371469,0.0546940351328743,6.43459236857345e-05,0.0342320314008108,0,0.000257383694742938,0,0,0,0,0.000193037771057204,0.0158290972266907,0.00128691847371469,0,0.00302425841322952,0.0118396499581751,0,0,0,0,0,0,0.00855800785020269,0.0759925358728525,0,0.00315295026060099,0.790747056173991,"Xizang"
"Asia",NA,NA,"China (Yunnan)",0,0,0,0.00304012971220105,0.0143899473044183,0.007701661937576,0,0,0.00425618159708148,0.00344548034049453,0,0,0,0,0.359140656668018,0.56708552898257,0.012363194162951,0,0,0,0,0,0,0,0,0,0.000202675314146737,0.00324280502634779,0,0,0.0251317389541954,"Yunnan"
"Asia",NA,NA,"China (Zhejiang)",0,0,0,0,0,0,0,0,0.998490566037736,0.00150943396226415,0,0,0,0,0,0,0,0,0,0,0,0,0,0,0,0,0,0,0,0,0,"Zhejiang"
"Africa",NA,NA,"Congo (Democratic Republic of the)",0.225446758233643,0.156808447792054,0.000110766504209127,0.572108994240142,0.000369221680697091,0,0,0,0,0.00668291242061734,0,0,0,0,0.0280977699010486,0.0103382070595185,0,0,0,0,0,0,0,0,0,0,0,0,0,0,3.69221680697091e-05,"Congo, Democratic republic of the"
"Africa",NA,NA,"Congo (Republic of the)",0.0844544095665172,0.274040857000498,0.0378674638764325,0.603637269556552,0,0,0,0,0,0,0,0,0,0,0,0,0,0,0,0,0,0,0,0,0,0,0,0,0,0,0,"Congo"
"Africa",NA,NA,"Cote d'Ivoire",0,0.0170439414114514,0,0.982956058588549,0,0,0,0,0,0,0,0,0,0,0,0,0,0,0,0,0,0,0,0,0,0,0,0,0,0,0,"Cote d'Ivoire"
"Asia",NA,NA,"East Timor",0,0.00543478260869565,0,0.978260869565217,0,0,0,0,0,0,0,0,0,0,0,0.016304347826087,0,0,0,0,0,0,0,0,0,0,0,0,0,0,0,"East Timor"
"South America",NA,NA,"Falkland Islands (Islas Malvinas)",0,0,0,0,0,0,0,0,0,0,0.563451776649746,0,0,0,0,0,0,0,0,0,0,0,0,0,0,0,0,0,0,0,0.436548223350254,"Falkland Islands"
"Africa",NA,NA,"Gambia, The",0,0,0.252252252252252,0,0.747747747747748,0,0,0,0,0,0,0,0,0,0,0,0,0,0,0,0,0,0,0,0,0,0,0,0,0,0,"Gambia"
"Asia",NA,NA,"Gaza Strip",0,0,0,0,1,0,0,0,0,0,0,0,0,0,0,0,0,0,0,0,0,0,0,0,0,0,0,0,0,0,0,"Gaza Strip"
"Asia",NA,NA,"India (Andaman and Nicobar Islands)",0,1,0,0,0,0,0,0,0,0,0,0,0,0,0,0,0,0,0,0,0,0,0,0,0,0,0,0,0,0,0,"Andaman and Nicobar Islands"
"Asia",NA,NA,"India (Andhra Pradesh)",0,0,0,0.722388059701493,0.274925373134328,0,0,0,0,0,0,0,0,0,0.0026865671641791,0,0,0,0,0,0,0,0,0,0,0,0,0,0,0,0,"Andhra Pradesh"
"Asia",NA,NA,"India (Arunachal Pradesh)",0,0,0,0,0.00188323917137476,0.00470809792843691,0,0,0,0,0,0,0,0,0.473634651600753,0.430320150659134,0.0338983050847458,0,0,0,0,0,0,0,0,0,0,0.012241054613936,0,0,0.0433145009416196,"Arunachal Pradesh"
"Asia",NA,NA,"India (Assam)",0,0.00870406189555126,0,0.097678916827853,0,0,0,0,0,0,0,0,0,0,0.889748549323017,0.00386847195357834,0,0,0,0,0,0,0,0,0,0,0,0,0,0,0,"Assam"
"Asia",NA,NA,"India (Bihar)",0,0,0,0,0,0,0,0,0,0,0,0.0191029900332226,0,0,0.980897009966777,0,0,0,0,0,0,0,0,0,0,0,0,0,0,0,0,"Bihar"
"Asia",NA,NA,"India (Chandigarh)",0,0,0,0,0,0,0,0,0,0,0,0,0,0,1,0,0,0,0,0,0,0,0,0,0,0,0,0,0,0,0,"Chandigarh"
"Asia",NA,NA,"India (Dadra and Nagar Haveli)",0,0.333333333333333,0,0.666666666666667,0,0,0,0,0,0,0,0,0,0,0,0,0,0,0,0,0,0,0,0,0,0,0,0,0,0,0,"Dadra and Nagar Haveli"
"Asia",NA,NA,"India (Delhi)",0,0,0,0,1,0,0,0,0,0,0,0,0,0,0,0,0,0,0,0,0,0,0,0,0,0,0,0,0,0,0,"Delhi"
"Asia",NA,NA,"India (Goa)",0,0.978723404255319,0,0.0212765957446809,0,0,0,0,0,0,0,0,0,0,0,0,0,0,0,0,0,0,0,0,0,0,0,0,0,0,0,"Goa"
"Asia",NA,NA,"India (Gujarat)",0,0.00131291028446389,0.024945295404814,0.207002188183807,0.655579868708972,0,0.108533916849015,0,0,0,0,0,0,0,0.00262582056892779,0,0,0,0,0,0,0,0,0,0,0,0,0,0,0,0,"Gujarat"
"Asia",NA,NA,"India (Haryana)",0,0,0,0,0.831615120274914,0,0.070446735395189,0,0,0,0,0,0,0,0.0979381443298969,0,0,0,0,0,0,0,0,0,0,0,0,0,0,0,0,"Haryana"
"Asia",NA,NA,"India (Himachal Pradesh)",0,0,0,0,0,0.00932090545938748,0,0,0,0.0226364846870839,0,0,0,0,0.336884154460719,0.219707057256991,0.0066577896138482,0,0.0359520639147803,0.0865512649800266,0,0,0,0,0,0,0.018641810918775,0.0599201065246338,0,0,0.203728362183755,"Himachal Pradesh"
"Asia",NA,NA,"India (Jammu & Kashmir)",0,0,0,0,0,0.0561189993238675,0,0.0250169033130494,0.0601757944557133,0.0878972278566599,0,0,0,0,0.106152805949966,0.0243407707910751,0,0,0.0736984448951995,0.230561189993239,0,0,0,0.00540906017579446,0,0,0.000676132521974307,0.00338066260987153,0,0,0.32657200811359,"Jammu & Kashmir"
"Asia",NA,NA,"India (Jharkhand)",0,0,0,0.21592039800995,0,0,0,0,0,0,0,0.222885572139303,0,0,0.561194029850746,0,0,0,0,0,0,0,0,0,0,0,0,0,0,0,0,"Jharkhand"
"Asia",NA,NA,"India (Karnataka)",0,0.138218516893374,0,0.347082053532251,0.514699429574375,0,0,0,0,0,0,0,0,0,0,0,0,0,0,0,0,0,0,0,0,0,0,0,0,0,0,"Karnataka"
"Asia",NA,NA,"India (Kerala)",0,0.765765765765766,0,0.227477477477477,0,0,0,0,0,0,0,0,0,0,0,0.00675675675675676,0,0,0,0,0,0,0,0,0,0,0,0,0,0,0,"Kerala"
"Asia",NA,NA,"India (Madhya Pradesh)",0,0,0.229852339441381,0.287849137164206,0.102294965308664,0,0,0,0,0,0,0.325031133250311,0,0,0.0549724248354385,0,0,0,0,0,0,0,0,0,0,0,0,0,0,0,0,"Madhya Pradesh"
"Asia",NA,NA,"India (Maharashtra)",0,0.111309675772275,0.0936941536890477,0.521572632116416,0.273423538422262,0,0,0,0,0,0,0,0,0,0,0,0,0,0,0,0,0,0,0,0,0,0,0,0,0,0,"Maharashtra"
"Asia",NA,NA,"India (Manipur)",0,0,0,0,0,0,0,0,0,0,0,0,0,0,0.612903225806452,0.387096774193548,0,0,0,0,0,0,0,0,0,0,0,0,0,0,0,"Manipur"
"Asia",NA,NA,"India (Meghalaya)",0,0.00359712230215827,0,0,0,0,0,0,0,0,0,0,0,0,0.762589928057554,0.233812949640288,0,0,0,0,0,0,0,0,0,0,0,0,0,0,0,"Meghalaya"
"Asia",NA,NA,"India (Mizoram)",0,0.185873605947955,0,0,0,0,0,0,0,0,0,0,0,0,0.613382899628253,0.200743494423792,0,0,0,0,0,0,0,0,0,0,0,0,0,0,0,"Mizoram"
"Asia",NA,NA,"India (Nagaland)",0,0,0,0,0,0,0,0,0,0,0,0,0,0,0.572139303482587,0.427860696517413,0,0,0,0,0,0,0,0,0,0,0,0,0,0,0,"Nagaland"
"Asia",NA,NA,"India (Orissa)",0,0,0,0.942596566523605,0,0,0,0,0,0,0,0,0,0,0.0574034334763949,0,0,0,0,0,0,0,0,0,0,0,0,0,0,0,0,"Orissa"
"Asia",NA,NA,"India (Pondicherry)",0,0,0,1,0,0,0,0,0,0,0,0,0,0,0,0,0,0,0,0,0,0,0,0,0,0,0,0,0,0,0,"Pondicherry"
"Asia",NA,NA,"India (Punjab)",0,0,0,0,0.658718330849478,0,0.0760059612518629,0,0,0,0,0,0,0,0.265275707898659,0,0,0,0,0,0,0,0,0,0,0,0,0,0,0,0,"Punjab"
"Asia",NA,NA,"India (Rajasthan)",0,0,0.000449337227589306,0.0116827679173219,0.400584138395866,0,0.551112109638283,0,0,0,0,0.0294315884070995,0,0,0.00674005841383959,0,0,0,0,0,0,0,0,0,0,0,0,0,0,0,0,"Rajasthan"
"Asia",NA,NA,"India (Sikkim)",0,0,0,0,0,0.0208333333333333,0,0.0104166666666667,0,0,0,0,0,0,0.145833333333333,0.302083333333333,0.0208333333333333,0,0,0,0,0,0,0,0,0,0.0208333333333333,0.03125,0,0.0416666666666667,0.40625,"Sikkim"
"Asia",NA,NA,"India (Tamil Nadu)",0,0.00907911802853437,0.0635538261997406,0.862516212710765,0.0544747081712062,0,0,0,0,0,0,0,0,0,0,0.0103761348897536,0,0,0,0,0,0,0,0,0,0,0,0,0,0,0,"Tamil Nadu"
"Asia",NA,NA,"India (Tripura)",0,0.380165289256198,0,0.12396694214876,0,0,0,0,0,0,0,0,0,0,0.495867768595041,0,0,0,0,0,0,0,0,0,0,0,0,0,0,0,0,"Tripura"
"Asia",NA,NA,"India (Uttar Pradesh)",0,0,0,0,0.309038828771483,0,0,0,0,0,0,0.183959261616805,0,0,0.507001909611712,0,0,0,0,0,0,0,0,0,0,0,0,0,0,0,0,"Uttar Pradesh"
"Asia",NA,NA,"India (Uttaranchal)",0,0,0,0,0,0.00423131170662906,0,0.00282087447108604,0,0,0,0,0,0,0.526093088857546,0.248236953455571,0.00846262341325811,0,0,0.00564174894217207,0,0,0,0,0,0,0.00846262341325811,0.0380818053596615,0,0.00141043723554302,0.156558533145275,"Uttaranchal"
"Asia",NA,NA,"India (West Bengal)",0,0.0482497634815516,0,0.802270577105014,0,0,0,0,0,0,0,0,0,0,0.141911069063387,0.0075685903500473,0,0,0,0,0,0,0,0,0,0,0,0,0,0,0,"West Bengal"
"Asia",NA,NA,"Indonesia (Irian Jaya)",0.880505795574289,0.0429926238145416,0,0,0,0,0,0,0,0.076290832455216,0.000210748155953635,0,0,0,0,0,0,0,0,0,0,0,0,0,0,0,0,0,0,0,0,"Irian Jaya"
"Asia",NA,NA,"Indonesia (Java)",0.346227013316424,0.544071020925809,0,0.0944831959416614,0,0,0,0,0,0.0133164235890932,0,0,0,0,0,0.00190234622701332,0,0,0,0,0,0,0,0,0,0,0,0,0,0,0,"Java"
"Asia",NA,NA,"Indonesia (Kalimantan)",1,0,0,0,0,0,0,0,0,0,0,0,0,0,0,0,0,0,0,0,0,0,0,0,0,0,0,0,0,0,0,"Kalimantan"
"Asia",NA,NA,"Indonesia (Maluku)",0.875641025641026,0.0371794871794872,0,0.0782051282051282,0,0,0,0,0,0.00897435897435897,0,0,0,0,0,0,0,0,0,0,0,0,0,0,0,0,0,0,0,0,0,"Maluku"
"Asia",NA,NA,"Indonesia (Nusa Tenggara)",0.0160642570281124,0.191432396251673,0,0.77376171352075,0.00133868808567604,0,0,0,0,0.00133868808567604,0,0,0,0,0,0.0160642570281124,0,0,0,0,0,0,0,0,0,0,0,0,0,0,0,"Nusa Tenggara"
"Asia",NA,NA,"Indonesia (Sulawesi)",0.78090692124105,0.142243436754177,0.000954653937947494,0.0367541766109785,0,0,0,0,0,0.0391408114558473,0,0,0,0,0,0,0,0,0,0,0,0,0,0,0,0,0,0,0,0,0,"Sulawesi"
"Asia",NA,NA,"Indonesia (Sumatra)",0.988018433179723,0.00497695852534562,0,0,0,0,0,0,0,0.00700460829493088,0,0,0,0,0,0,0,0,0,0,0,0,0,0,0,0,0,0,0,0,0,"Sumatra"
"Asia",NA,NA,"Japan (Hokkaido)",0,0,0,0,0,0,0,0,0.00941176470588235,0.00627450980392157,0,0,0,0,0,0,0,0.00705882352941176,0.87921568627451,0.0980392156862745,0,0,0,0,0,0,0,0,0,0,0,"Hokkaido"
"Asia",NA,NA,"Japan (Honshu)",0,0,0,0,0,0,0,0,0.764355846474264,0.0755727462064862,0,0,0,0,0,0,0,0.00327283546563523,0.1520380839036,0.00476048795001488,0,0,0,0,0,0,0,0,0,0,0,"Honshu"
"Asia",NA,NA,"Japan (Kyushu)",0,0,0,0,0,0,0,0,0.960893854748603,0.0391061452513966,0,0,0,0,0,0,0,0,0,0,0,0,0,0,0,0,0,0,0,0,0,"Kyushu"
"Asia",NA,NA,"Japan (Shikoku)",0,0,0,0,0,0,0,0,0.900383141762452,0.0996168582375479,0,0,0,0,0,0,0,0,0,0,0,0,0,0,0,0,0,0,0,0,0,"Shikoku"
"Asia",NA,NA,"Korea, Democratic People's Republic of",0,0,0,0,0,0,0,0,0.00161812297734628,0,0,0,0,0,0.00485436893203883,0,0,0.0221143473570658,0.0323624595469256,0,0,0,0,0,0,0.402912621359223,0.414778856526429,0.121359223300971,0,0,0,"Korea, Democratic People's Republic of"
"Asia",NA,NA,"Korea, Republic of",0,0,0,0,0,0,0,0,0.187227866473149,0.00725689404934688,0,0,0,0,0.38388969521045,0.000725689404934688,0,0.0188679245283019,0.0370101596516691,0,0,0,0,0,0,0.271407837445573,0.0936139332365747,0,0,0,0,"Korea, Republic of"
"Asia",NA,NA,"Malaysia (Sabah)",0.989498249708285,0,0,0,0,0,0,0,0,0.0105017502917153,0,0,0,0,0,0,0,0,0,0,0,0,0,0,0,0,0,0,0,0,0,"Sabah"
"Asia",NA,NA,"Malaysia (Sarawak)",1,0,0,0,0,0,0,0,0,0,0,0,0,0,0,0,0,0,0,0,0,0,0,0,0,0,0,0,0,0,0,"Sarawak"
"Asia",NA,NA,"Malaysia (West)",0.962914769030579,0.037085230969421,0,0,0,0,0,0,0,0,0,0,0,0,0,0,0,0,0,0,0,0,0,0,0,0,0,0,0,0,0,"West"
"Asia",NA,NA,"Myanmar (Burma)",0,0.211773238244893,0,0.305693218904871,0.040976671098755,0,0,0,0,0,0,0,0,0,0.335428502357065,0.102018614770942,0.00132962649582981,0,0,0,0,0,0,0,0,0,0,0.000120875135984528,0,0,0.00265925299165962,"Burma"
"Central America & Caribbean",NA,NA,"Netherlands Antilles",0,0,0,1,0,0,0,0,0,0,0,0,0,0,0,0,0,0,0,0,0,0,0,0,0,0,0,0,0,0,0,"Netherlands Antilles"
"Central America & Caribbean",NA,NA,"Puerto Rico",0.614035087719298,0.289473684210526,0,0.0964912280701754,0,0,0,0,0,0,0,0,0,0,0,0,0,0,0,0,0,0,0,0,0,0,0,0,0,0,0,"Puerto Rico"
"South America",NA,NA,"South Georgia and the South Sandwich Is",0,0,0,0,0,0,0,0,0,0,0,0,0,0,0,0,0,0,0,0,0,0,0,0,0,0,0,0,0,0.0675675675675676,0.932432432432432,"South Georgia and the South Sandwich Is"
"North America",NA,NA,"St. Pierre and Miquelon",0,0,0,0,0,0,0,0,0,0,0,0,0,0,0,0,0,0,1,0,0,0,0,0,0,0,0,0,0,0,0,"St. Pierre and Miquelon"
"x",NA,NA,"Svalbard",0,0,0,0,0,0,0,0,0,0,0,0,0,0,0,0,0,0,0,0,0,0,0,0,0,0,0,0,0,0.0131241084165478,0.986875891583452,"Svalbard"
"Africa",NA,NA,"Tanzania, United Republic of",0.000381024957134692,0.0074299866641265,0.00733473042484283,0.737092779577062,0.112402362354734,0,0,0,0.00161935606782244,0.00647742427128977,0.000190512478567346,0,0,0,0.053915031434559,0.0729662792912936,0,0,0,0,0,0,0,0,0,0,0,0,0,0,0.000190512478567346,"Tanzania"
"North America",NA,NA,"United States (Alabama)",0,0,0,0,0,0,0,0,1,0,0,0,0,0,0,0,0,0,0,0,0,0,0,0,0,0,0,0,0,0,0,"Alabama"
"North America",NA,NA,"United States (Alaska)",0,0,0,0,0,0.0128324018145818,0,0,0,0.00972455450011278,0.0124313892578761,0,0,5.01265695882102e-05,0,0,0,0,0.00263164490338104,0.509636833003333,0,0,0.000526328980676207,0.156319707260834,0,0,0.000626582119852628,0.016441514824933,0,0.00218050577708715,0.276598410987744,"Alaska"
"North America",NA,NA,"United States (Arizona)",0,0,0,0,0.0766432209556148,0.457191365510551,0.259519767159835,0.0599078341013825,0.00388066941547417,0.019645888915838,0,0.0812515158864904,0.0400194033470774,0,0,0,0,0,0.000485083676934271,0,0,0,0.00145525103080281,0,0,0,0,0,0,0,0,"Arizona"
"North America",NA,NA,"United States (Arkansas)",0,0,0,0,0,0,0,0,1,0,0,0,0,0,0,0,0,0,0,0,0,0,0,0,0,0,0,0,0,0,0,"Arkansas"
"North America",NA,NA,"United States (California)",0,0,0,0,0.0245222391341113,0.123456790123457,0.140199560290884,0.0554709961102655,0,0,0,0.180957212920683,0.451209200067648,0.00676475562320311,0,0,0,0,0,0,0,0,0.00321325892102148,0.0109927278877051,0,0,0,0,0,0,0.00321325892102148,"California"
"North America",NA,NA,"United States (Colorado)",0,0,0,0,0,0.524754901960784,0,0,0.00514705882352941,0.0178921568627451,0,0.00294117647058824,0,0,0,0,0,0.00122549019607843,0.220833333333333,0.191176470588235,0,0.000735294117647059,0.00122549019607843,0,0,0,0,0,0,0,0.0340686274509804,"Colorado"
"North America",NA,NA,"United States (Connecticut)",0,0,0,0,0,0,0,0,0.774193548387097,0.0376344086021505,0,0,0,0,0,0,0,0.032258064516129,0.155913978494624,0,0,0,0,0,0,0,0,0,0,0,0,"Connecticut"
"North America",NA,NA,"United States (Delaware)",0,0,0,0,0,0,0,0,1,0,0,0,0,0,0,0,0,0,0,0,0,0,0,0,0,0,0,0,0,0,0,"Delaware"
"North America",NA,NA,"United States (District of Columbia)",0,0,0,0,0,0,0,0,1,0,0,0,0,0,0,0,0,0,0,0,0,0,0,0,0,0,0,0,0,0,0,"District of Columbia"
"North America",NA,NA,"United States (Florida)",0.0149793388429752,0.0588842975206612,0,0.121900826446281,0,0,0,0,0.804235537190083,0,0,0,0,0,0,0,0,0,0,0,0,0,0,0,0,0,0,0,0,0,0,"Florida"
"North America",NA,NA,"United States (Georgia)",0,0,0,0,0,0,0,0,0.999526739233318,0.000473260766682442,0,0,0,0,0,0,0,0,0,0,0,0,0,0,0,0,0,0,0,0,0,"Georgia"
"North America",NA,NA,"United States (Guantanamo Bay)",0,0,0,1,0,0,0,0,0,0,0,0,0,0,0,0,0,0,0,0,0,0,0,0,0,0,0,0,0,0,0,"Guantanamo Bay"
"North America",NA,NA,"United States (Hawaii)",0.214285714285714,0,0.174603174603175,0,0.0555555555555556,0,0,0,0,0.5,0,0,0,0,0,0,0,0,0,0,0,0,0,0,0,0,0,0,0,0,0.0555555555555556,"Hawaii"
"North America",NA,NA,"United States (Idaho)",0,0,0,0,0,0.271892047085846,0,0.00229687051392478,0.00488084984209015,0.0275624461670973,0,0.0488084984209015,0.114556416881998,0,0,0,0,0.000574217628481194,0.251220212460523,0.0473729543496985,0,0,0.194946884869365,0.0358886017800746,0,0,0,0,0,0,0,"Idaho"
"North America",NA,NA,"United States (Illinois)",0,0,0,0,0,0,0,0,0.526057906458797,0,0,0,0,0,0,0,0,0.473942093541203,0,0,0,0,0,0,0,0,0,0,0,0,0,"Illinois"
"North America",NA,NA,"United States (Indiana)",0,0,0,0,0,0,0,0,0.669777458722182,0,0,0,0,0,0,0,0,0.330222541277818,0,0,0,0,0,0,0,0,0,0,0,0,0,"Indiana"
"North America",NA,NA,"United States (Iowa)",0,0,0,0,0,0,0,0,0,0,0,0,0,0,0,0,0,0.985035211267606,0.0149647887323944,0,0,0,0,0,0,0,0,0,0,0,0,"Iowa"
"North America",NA,NA,"United States (Kansas)",0,0,0,0,0,0.179080824088748,0,0,0.820919175911252,0,0,0,0,0,0,0,0,0,0,0,0,0,0,0,0,0,0,0,0,0,0,"Kansas"
"North America",NA,NA,"United States (Kentucky)",0,0,0,0,0,0,0,0,0.99735274652548,0.00264725347452019,0,0,0,0,0,0,0,0,0,0,0,0,0,0,0,0,0,0,0,0,0,"Kentucky"
"North America",NA,NA,"United States (Louisiana)",0,0,0,0,0,0,0,0,1,0,0,0,0,0,0,0,0,0,0,0,0,0,0,0,0,0,0,0,0,0,0,"Louisiana"
"North America",NA,NA,"United States (Maine)",0,0,0,0,0,0,0,0,0,0,0,0,0,0,0,0,0,0,0.998554913294798,0.00144508670520231,0,0,0,0,0,0,0,0,0,0,0,"Maine"
"North America",NA,NA,"United States (Maryland)",0,0,0,0,0,0,0,0,0.921052631578947,0.0789473684210526,0,0,0,0,0,0,0,0,0,0,0,0,0,0,0,0,0,0,0,0,0,"Maryland"
"North America",NA,NA,"United States (Massachusetts)",0,0,0,0,0,0,0,0,0.396969696969697,0.00606060606060606,0,0,0,0,0,0,0,0.166666666666667,0.43030303030303,0,0,0,0,0,0,0,0,0,0,0,0,"Massachusetts"
"North America",NA,NA,"United States (Michigan)",0,0,0,0,0,0,0,0,0,0,0,0,0,0,0,0,0,0.155419222903885,0.844580777096115,0,0,0,0,0,0,0,0,0,0,0,0,"Michigan"
"North America",NA,NA,"United States (Minnesota)",0,0,0,0,0,0,0,0,0,0,0,0,0,0,0,0,0,0.262159934047815,0.726573234405056,0,0,0,0,0,0,0,0.0112668315471283,0,0,0,0,"Minnesota"
"North America",NA,NA,"United States (Mississippi)",0,0,0,0,0,0,0,0,1,0,0,0,0,0,0,0,0,0,0,0,0,0,0,0,0,0,0,0,0,0,0,"Mississippi"
"North America",NA,NA,"United States (Missouri)",0,0,0,0,0,0,0,0,0.886671686746988,0,0,0,0,0,0,0,0,0.113328313253012,0,0,0,0,0,0,0,0,0,0,0,0,0,"Missouri"
"North America",NA,NA,"United States (Montana)",0,0,0,0,0,0.668763424363302,0,0,0,0.00352868978214176,0,0,0.00122737035900583,0,0,0,0,0.00184105553850875,0.229057993249463,0.0733353789505983,0,0,0.0158023933722001,0.00260816201288739,0,0,0.00245474071801166,0,0,0,0.00138079165388156,"Montana"
"North America",NA,NA,"United States (Nebraska)",0,0,0,0,0,0.183963789201423,0,0,0.178144196572907,0,0,0,0,0,0.00614290333010023,0,0,0.505657937277724,0.00226317491108956,0,0,0,0,0,0,0.123827998706757,0,0,0,0,0,"Nebraska"
"North America",NA,NA,"United States (Nevada)",0,0,0,0,0,0.497233748271093,0.0437989857076994,0.2860765329645,0,0.00553250345781466,0,0.0106039649608114,0.029045643153527,0,0,0,0,0,0.0590133702166897,0.00276625172890733,0,0,0.062010142923006,0.00391885661595205,0,0,0,0,0,0,0,"Nevada"
"North America",NA,NA,"United States (New Hampshire)",0,0,0,0,0,0,0,0,0,0,0,0,0,0,0,0,0,0.0129198966408269,0.961240310077519,0.0258397932816537,0,0,0,0,0,0,0,0,0,0,0,"New Hampshire"
"North America",NA,NA,"United States (New Jersey)",0,0,0,0,0,0,0,0,0.986254295532646,0.00687285223367698,0,0,0,0,0,0,0,0,0.00687285223367698,0,0,0,0,0,0,0,0,0,0,0,0,"New Jersey"
"North America",NA,NA,"United States (New Mexico)",0,0,0,0,0.00199468085106383,0.719193262411348,0.00310283687943262,0.0658244680851064,0.00598404255319149,0.137632978723404,0,0.000443262411347518,0,0,0,0,0,0,0.0549645390070922,0.0108599290780142,0,0,0,0,0,0,0,0,0,0,0,"New Mexico"
"North America",NA,NA,"United States (New York)",0,0,0,0,0,0,0,0,0.0807265388496468,0.00201816347124117,0,0,0,0,0,0,0,0.0489404641775984,0.867305751765893,0.00100908173562059,0,0,0,0,0,0,0,0,0,0,0,"New York"
"North America",NA,NA,"United States (North Carolina)",0,0,0,0,0,0,0,0,0.900215749730313,0.0997842502696872,0,0,0,0,0,0,0,0,0,0,0,0,0,0,0,0,0,0,0,0,0,"North Carolina"
"North America",NA,NA,"United States (North Dakota)",0,0,0,0,0,0.119872813990461,0,0,0,0,0,0,0,0,0,0,0,0.0101748807631161,0.838473767885533,0,0,0,0,0,0,0,0.0314785373608903,0,0,0,0,"North Dakota"
"North America",NA,NA,"United States (Ohio)",0,0,0,0,0,0,0,0,0.658536585365854,0.0707317073170732,0,0,0,0,0,0,0,0.229878048780488,0.0408536585365854,0,0,0,0,0,0,0,0,0,0,0,0,"Ohio"
"North America",NA,NA,"United States (Oklahoma)",0,0,0,0,0,0.072552783109405,0,0,0.927447216890595,0,0,0,0,0,0,0,0,0,0,0,0,0,0,0,0,0,0,0,0,0,0,"Oklahoma"
"North America",NA,NA,"United States (Oregon)",0,0,0,0,0,0.281592039800995,0,0,0.00199004975124378,0.0186567164179104,0,0.0216417910447761,0.558955223880597,0,0,0,0,0,0.00447761194029851,0,0,0,0.102985074626866,0.00970149253731343,0,0,0,0,0,0,0,"Oregon"
"North America",NA,NA,"United States (Pennsylvania)",0,0,0,0,0,0,0,0,0.447887323943662,0.125633802816901,0,0,0,0,0,0,0,0.00732394366197183,0.419154929577465,0,0,0,0,0,0,0,0,0,0,0,0,"Pennsylvania"
"North America",NA,NA,"United States (Rhode Island)",0,0,0,0,0,0,0,0,0.952380952380952,0.0476190476190476,0,0,0,0,0,0,0,0,0,0,0,0,0,0,0,0,0,0,0,0,0,"Rhode Island"
"North America",NA,NA,"United States (South Carolina)",0,0,0,0,0,0,0,0,0.999119718309859,0.000880281690140845,0,0,0,0,0,0,0,0,0,0,0,0,0,0,0,0,0,0,0,0,0,"South Carolina"
"North America",NA,NA,"United States (South Dakota)",0,0,0,0,0,0.245253657018363,0,0,0,0,0,0,0,0,0,0,0,0.610021786492375,0.120136943666355,0.000933706816059757,0,0,0,0,0,0.0236539060068472,0,0,0,0,0,"South Dakota"
"North America",NA,NA,"United States (Tennessee)",0,0,0,0,0,0,0,0,0.977707006369427,0.0222929936305732,0,0,0,0,0,0,0,0,0,0,0,0,0,0,0,0,0,0,0,0,0,"Tennessee"
"North America",NA,NA,"United States (Texas)",0,0,0,0,0.137046576518566,0.169242326679545,0.0488302210774844,0.0139514917364241,0.63092938398798,0,0,0,0,0,0,0,0,0,0,0,0,0,0,0,0,0,0,0,0,0,0,"Texas"
"North America",NA,NA,"United States (Utah)",0,0,0,0,0,0.566760037348273,0,0.0821661998132586,0.0248988484282602,0.0121381886087768,0,0.0121381886087768,0.0186741363211951,0,0,0,0,0.0065359477124183,0.195767195767196,0.0532212885154062,0,0.00155617802676626,0.0211640211640212,0,0,0,0,0,0,0,0.00497976968565204,"Utah"
"North America",NA,NA,"United States (Vermont)",0,0,0,0,0,0,0,0,0,0,0,0,0,0,0,0,0,0.0127551020408163,0.987244897959184,0,0,0,0,0,0,0,0,0,0,0,0,"Vermont"
"North America",NA,NA,"United States (Virginia)",0,0,0,0,0,0,0,0,0.904761904761905,0.0952380952380952,0,0,0,0,0,0,0,0,0,0,0,0,0,0,0,0,0,0,0,0,0,"Virginia"
"North America",NA,NA,"United States (Washington)",0,0,0,0,0,0.180060020006669,0,0.00433477825941981,0.00300100033344448,0.0676892297432477,0.0110036678892964,0.0526842280760253,0.438146048682894,0.00400133377792598,0,0,0,0,0.0283427809269757,0.0106702234078026,0,0,0.127709236412137,0.0653551183727909,0,0,0,0,0,0,0.00700233411137046,"Washington"
"North America",NA,NA,"United States (West Virginia)",0,0,0,0,0,0,0,0,0.746794871794872,0.252136752136752,0,0,0,0,0,0,0,0,0.00106837606837607,0,0,0,0,0,0,0,0,0,0,0,0,"West Virginia"
"North America",NA,NA,"United States (Wisconsin)",0,0,0,0,0,0,0,0,0,0,0,0,0,0,0,0,0,0.169620253164557,0.830379746835443,0,0,0,0,0,0,0,0,0,0,0,0,"Wisconsin"
"North America",NA,NA,"United States (Wyoming)",0,0,0,0,0,0.584803921568627,0,0.0350490196078431,0,0,0,0,0,0,0,0,0,0.00122549019607843,0.222058823529412,0.151225490196078,0,0,0,0,0,0,0,0,0,0,0.00563725490196078,"Wyoming"
"Asia",NA,NA,"West Bank",0,0,0,0,0.231884057971014,0,0.0289855072463768,0,0,0,0,0.739130434782609,0,0,0,0,0,0,0,0,0,0,0,0,0,0,0,0,0,0,0,"West Bank"
"Africa",NA,NA,"Western Sahara",0,0,0,0,0,0,1,0,0,0,0,0,0,0,0,0,0,0,0,0,0,0,0,0,0,0,0,0,0,0,0,"Western Sahara"
